event_id,stock_code,csv_agent,csv_direct_like,parsed_disclosure_type,mismatch
配股_00254.hk_28/05/26,00254,-,True,DIRECT_SUBSCRIPTION,False
配股_00020.hk_17/04/26,00020,滙豐,False,AGENT_SOURCED,False
配股_00020.hk_18/12/25,00020,"國泰君安, 招銀國際",False,AGENT_SOURCED,False
供股_00036.hk_11/11/24,00036,,True,UNKNOWN,False
供股_00048.hk_10/09/25,00048,,True,UNKNOWN,False
供股_00073.hk_15/06/26,00073,,True,UNKNOWN,False
配股_00080.hk_29/05/26,00080,-,True,NO_DEF,False
配股_00080.hk_17/12/25,00080,-,False,NO_DEF,False
供股_00080.hk_02/10/25,00080,,True,UNKNOWN,False
配股_00092.hk_20/08/26,00092,山證國際,False,NO_DEF,False
配股_00092.hk_12/01/26,00092,金利豐,False,NO_DEF,False
供股_00094.hk_10/06/25,00094,,True,NO_DEF,False
配股_00100.hk_10/07/26,00100,"摩根士丹利, 瑞士銀行",False,AGENT_SOURCED,False
供股_00103.hk_13/05/25,00103,,True,UNKNOWN,False
供股_00103.hk_13/09/24,00103,,True,UNKNOWN,False
配股_00108.hk_05/12/25,00108,-,False,NO_DEF,False
配股_00110.hk_31/03/26,00110,-,True,DIRECT_SUBSCRIPTION,False
供股_00122.hk_22/10/25,00122,,True,UNKNOWN,False
配股_00139.hk_22/01/26,00139,-,True,AGENT_SOURCED,True
供股_00145.hk_09/10/25,00145,,True,UNKNOWN,False
供股_00163.hk_31/07/24,00163,,True,UNKNOWN,False
配股_00164.hk_30/03/26,00164,-,True,AGENT_SOURCED,True
供股_00164.hk_18/02/25,00164,,True,AGENT_SOURCED,True
配股_00164.hk_19/05/26,00164,-,True,DIRECT_SUBSCRIPTION,False
配股_00167.hk_13/02/26,00167,瑞邦,False,AGENT_SOURCED,False
配股_00174.hk_07/06/26,00174,-,True,DIRECT_SUBSCRIPTION,False
配股_00197.hk_08/10/25,00197,百惠,False,NO_DEF,False
供股_00197.hk_08/04/24,00197,,True,UNKNOWN,False
配股_00199.hk_22/04/26,00199,"招銀國際, 華興, 瑞邦, 百惠",False,AGENT_SOURCED,False
配股_00199.hk_20/01/26,00199,-,True,NO_DEF,False
配股_00199.hk_25/11/25,00199,-,True,DIRECT_SUBSCRIPTION,False
供股_00200.hk_25/04/25,00200,,True,UNKNOWN,False
配股_00204.hk_24/12/25,00204,"昌利, 伯克希爾資本",False,AGENT_SOURCED,False
供股_00204.hk_13/05/25,00204,,True,UNKNOWN,False
供股_00205.hk_07/05/25,00205,,True,UNKNOWN,False
供股_00209.hk_15/10/25,00209,,True,UNKNOWN,False
配股_00223.hk_12/01/26,00223,德林,False,NO_DEF,False
供股_00223.hk_21/11/24,00223,,True,UNKNOWN,False
供股_00228.hk_14/08/25,00228,,True,UNKNOWN,False
供股_00248.hk_02/01/26,00248,,True,UNKNOWN,False
供股_00256.hk_05/05/26,00256,,True,UNKNOWN,False
配股_00261.hk_03/08/26,00261,高裕,False,AGENT_SOURCED,False
配股_00264.hk_17/03/26,00264,-,True,AGENT_SOURCED,True
配股_00264.hk_06/01/26,00264,-,True,AGENT_SOURCED,True
配股_00264.hk_30/09/25,00264,-,True,AGENT_SOURCED,True
配股_00279.hk_20/04/26,00279,凱基,False,AGENT_SOURCED,False
供股_00286.hk_20/03/24,00286,,True,UNKNOWN,False
配股_00290.hk_03/08/26,00290,"浙商國際, 富強",False,NO_DEF,False
配股_00302.hk_21/04/26,00302,-,True,DIRECT_SUBSCRIPTION,False
配股_00309.hk_07/05/26,00309,-,True,AGENT_SOURCED,True
配股_00310.hk_10/02/26,00310,-,True,AGENT_SOURCED,True
配股_00318.hk_03/12/25,00318,-,False,NO_DEF,False
供股_00328.hk_25/03/26,00328,,True,UNKNOWN,False
供股_00328.hk_08/07/25,00328,,True,UNKNOWN,False
供股_00339.hk_09/05/25,00339,,True,UNKNOWN,False
配股_00340.hk_19/12/25,00340,-,False,NO_DEF,False
配股_00343.hk_29/04/26,00343,-,True,DIRECT_SUBSCRIPTION,False
配股_00348.hk_05/08/26,00348,-,True,DIRECT_SUBSCRIPTION,False
配股_00353.hk_24/12/25,00353,-,True,DIRECT_SUBSCRIPTION,False
配股_00356.hk_22/05/26,00356,-,True,DIRECT_SUBSCRIPTION,False
供股_00362.hk_03/03/25,00362,,True,NO_DEF,False
供股_00370.hk_27/08/26,00370,,True,UNKNOWN,False
配股_00377.hk_02/07/26,00377,-,True,AGENT_SOURCED,True
配股_00377.hk_30/06/26,00377,-,True,AGENT_SOURCED,True
配股_00377.hk_26/06/26,00377,-,True,NO_DEF,False
配股_00381.hk_17/06/26,00381,-,True,NO_DEF,False
配股_00389.hk_26/07/26,00389,嬴控金融,False,AGENT_SOURCED,False
供股_00397.hk_29/04/26,00397,,True,UNKNOWN,False
供股_00401.hk_30/12/25,00401,,True,UNKNOWN,False
配股_00419.hk_06/07/26,00419,-,True,NO_DEF,False
配股_00419.hk_26/05/26,00419,-,True,NO_DEF,False
配股_00419.hk_06/11/25,00419,-,True,NO_DEF,False
配股_00428.hk_28/05/26,00428,SFGHK,False,AGENT_SOURCED,False
供股_00442.hk_12/11/25,00442,,True,NO_DEF,False
配股_00451.hk_08/01/26,00451,-,True,NO_DEF,False
配股_00451.hk_20/04/26,00451,海通國際,False,DIRECT_SUBSCRIPTION,False
配股_00456.hk_04/05/26,00456,-,True,AGENT_SOURCED,True
配股_00464.hk_06/11/25,00464,-,True,AGENT_SOURCED,True
供股_00471.hk_19/11/25,00471,,True,UNKNOWN,False
配股_00472.hk_28/04/26,00472,-,True,AGENT_SOURCED,True
配股_00474.hk_04/05/26,00474,-,False,NO_DEF,False
配股_00474.hk_30/01/26,00474,-,False,NO_DEF,False
配股_00475.hk_28/11/25,00475,-,True,NO_DEF,False
配股_00476.hk_10/11/25,00476,-,True,NO_DEF,False
供股_00476.hk_26/06/24,00476,,True,UNKNOWN,False
配股_00476.hk_04/05/26,00476,-,True,DIRECT_SUBSCRIPTION,False
配股_00476.hk_16/04/26,00476,-,True,DIRECT_SUBSCRIPTION,False
配股_00476.hk_24/07/26,00476,-,True,DIRECT_SUBSCRIPTION,False
配股_00476.hk_28/08/26,00476,-,True,DIRECT_SUBSCRIPTION,False
供股_00482.hk_24/10/25,00482,,True,UNKNOWN,False
配股_00485.hk_05/12/25,00485,-,True,DIRECT_SUBSCRIPTION,False
配股_00493.hk_05/06/26,00493,-,False,NO_DEF,False
配股_00493.hk_16/01/26,00493,-,True,DIRECT_SUBSCRIPTION,False
配股_00524.hk_24/04/26,00524,一盈,False,AGENT_SOURCED,False
配股_00527.hk_23/06/26,00527,華富建業,False,AGENT_SOURCED,False
配股_00544.hk_27/04/26,00544,-,True,DIRECT_SUBSCRIPTION,False
配股_00544.hk_30/07/26,00544,-,True,DIRECT_SUBSCRIPTION,False
配股_00544.hk_31/10/25,00544,-,True,DIRECT_SUBSCRIPTION,False
配股_00568.hk_22/07/26,00568,招商,False,NO_DEF,False
供股_00574.hk_16/04/26,00574,,True,UNKNOWN,False
供股_00582.hk_25/07/25,00582,,True,UNKNOWN,False
供股_00582.hk_18/04/24,00582,,True,UNKNOWN,False
配股_00596.hk_16/11/25,00596,興證國際,False,AGENT_SOURCED,False
配股_00601.hk_21/08/26,00601,駿達,False,AGENT_SOURCED,False
供股_00601.hk_19/11/24,00601,,True,UNKNOWN,False
配股_00607.hk_26/01/26,00607,-,True,AGENT_SOURCED,True
配股_00616.hk_16/01/26,00616,弘雅資本,False,AGENT_SOURCED,False
配股_00616.hk_16/12/25,00616,弘雅資本,False,NO_DEF,False
配股_00616.hk_09/12/25,00616,弘雅資本,False,AGENT_SOURCED,False
供股_00616.hk_15/10/24,00616,,True,UNKNOWN,False
配股_00632.hk_23/06/26,00632,"百惠, 軟庫中華",False,AGENT_SOURCED,False
配股_00632.hk_05/06/26,00632,百惠,False,AGENT_SOURCED,False
供股_00639.hk_23/09/24,00639,,True,UNKNOWN,False
配股_00640.hk_17/11/25,00640,-,True,AGENT_SOURCED,True
配股_00643.hk_14/07/26,00643,華富建業,False,AGENT_SOURCED,False
配股_00648.hk_10/03/26,00648,-,True,NO_DEF,False
供股_00653.hk_17/04/25,00653,,True,NO_DEF,False
配股_00653.hk_06/02/26,00653,-,True,DIRECT_SUBSCRIPTION,False
配股_00653.hk_17/03/26,00653,-,True,DIRECT_SUBSCRIPTION,False
配股_00666.hk_31/10/25,00666,"中國銀河, 華泰金融, 德意志, 麥格理資本",False,AGENT_SOURCED,False
供股_00673.hk_23/05/25,00673,,True,DIRECT_SUBSCRIPTION,False
配股_00673.hk_02/02/26,00673,-,True,DIRECT_SUBSCRIPTION,False
配股_00682.hk_01/12/25,00682,宏智,False,NO_DEF,False
供股_00689.hk_13/01/26,00689,,True,UNKNOWN,False
供股_00707.hk_02/08/24,00707,,True,NO_DEF,False
配股_00720.hk_13/02/26,00720,國泰君安,False,DIRECT_SUBSCRIPTION,False
配股_00721.hk_11/03/26,00721,-,True,NO_DEF,False
配股_00724.hk_11/03/26,00724,-,True,UNKNOWN,False
供股_00727.hk_21/11/25,00727,,True,UNKNOWN,False
供股_00727.hk_09/09/24,00727,,True,UNKNOWN,False
供股_00730.hk_14/07/26,00730,,True,UNKNOWN,False
配股_00737.hk_12/06/26,00737,-,True,DIRECT_SUBSCRIPTION,False
供股_00745.hk_02/10/24,00745,,True,UNKNOWN,False
配股_00764.hk_17/12/25,00764,大灣區深港,False,AGENT_SOURCED,False
供股_00765.hk_26/09/25,00765,,True,NO_DEF,False
供股_00770.hk_15/01/26,00770,,True,UNKNOWN,False
配股_00776.hk_02/10/25,00776,富強,False,AGENT_SOURCED,False
供股_00776.hk_23/06/26,00776,,True,NO_DEF,False
配股_00804.hk_29/07/26,00804,鼎石,False,AGENT_SOURCED,False
配股_00804.hk_01/10/25,00804,-,False,NO_DEF,False
供股_00804.hk_10/06/25,00804,,True,UNKNOWN,False
配股_00810.hk_03/10/25,00810,金利豐,False,AGENT_SOURCED,False
供股_00810.hk_19/12/25,00810,,True,UNKNOWN,False
配股_00813.hk_15/05/26,00813,-,True,NO_DEF,False
配股_00815.hk_16/02/26,00815,-,True,DIRECT_SUBSCRIPTION,False
配股_00821.hk_12/06/26,00821,滙盈,False,NO_DEF,False
供股_00821.hk_06/08/25,00821,,True,AGENT_SOURCED,True
配股_00863.hk_29/01/26,00863,摩根士丹利,False,AGENT_SOURCED,False
配股_00866.hk_05/03/26,00866,"國泰君安, 天風國際",False,AGENT_SOURCED,False
配股_00875.hk_17/08/26,00875,Funderstone Securities Limited,False,AGENT_SOURCED,False
配股_00875.hk_01/04/26,00875,Funderstone,False,AGENT_SOURCED,False
配股_00876.hk_18/03/26,00876,-,False,NO_DEF,False
配股_00899.hk_24/08/26,00899,鼎石,False,AGENT_SOURCED,False
供股_00899.hk_15/09/25,00899,,True,UNKNOWN,False
供股_00905.hk_09/04/24,00905,,True,UNKNOWN,False
供股_00913.hk_26/05/26,00913,,True,UNKNOWN,False
配股_00927.hk_16/01/26,00927,德林,False,AGENT_SOURCED,False
供股_00928.hk_23/07/26,00928,,True,UNKNOWN,False
配股_00931.hk_05/03/26,00931,-,True,AGENT_SOURCED,True
配股_00931.hk_14/08/26,00931,-,True,DIRECT_SUBSCRIPTION,False
配股_00943.hk_04/01/26,00943,-,False,NO_DEF,False
供股_00943.hk_15/05/25,00943,,True,AGENT_SOURCED,True
配股_00948.hk_12/11/25,00948,-,True,AGENT_SOURCED,True
供股_00948.hk_12/08/26,00948,,True,UNKNOWN,False
配股_00948.hk_12/02/26,00948,-,True,DIRECT_SUBSCRIPTION,False
配股_00953.hk_21/01/26,00953,-,False,NO_DEF,False
配股_00970.hk_16/01/26,00970,-,True,DIRECT_SUBSCRIPTION,False
配股_00979.hk_15/07/26,00979,"第一, 未來",False,AGENT_SOURCED,False
配股_00990.hk_18/12/25,00990,-,True,AGENT_SOURCED,True
配股_00994.hk_27/05/26,00994,遠源,False,AGENT_SOURCED,False
配股_01002.hk_30/12/25,01002,-,False,NO_DEF,False
配股_01003.hk_11/11/25,01003,-,True,AGENT_SOURCED,True
配股_01003.hk_19/05/26,01003,-,True,DIRECT_SUBSCRIPTION,False
供股_01010.hk_10/05/24,01010,,True,UNKNOWN,False
配股_01011.hk_17/06/26,01011,-,True,AGENT_SOURCED,True
配股_01020.hk_21/08/26,01020,-,False,NO_DEF,False
配股_01020.hk_15/03/26,01020,中毅資本,False,AGENT_SOURCED,False
配股_01025.hk_22/06/26,01025,華業,False,AGENT_SOURCED,False
供股_01025.hk_02/11/25,01025,,True,UNKNOWN,False
供股_01025.hk_10/12/24,01025,,True,UNKNOWN,False
配股_01027.hk_03/03/26,01027,新確,False,AGENT_SOURCED,False
配股_01028.hk_30/10/25,01028,-,True,AGENT_SOURCED,True
供股_01029.hk_24/10/25,01029,,True,UNKNOWN,False
供股_01029.hk_22/10/24,01029,,True,UNKNOWN,False
配股_01030.hk_05/02/26,01030,"花旗, 中金公司, 華泰",False,AGENT_SOURCED,False
配股_01050.hk_29/01/26,01050,星展亞洲,False,NO_DEF,False
供股_01069.hk_27/03/26,01069,,True,AGENT_SOURCED,True
供股_01073.hk_30/07/25,01073,,True,UNKNOWN,False
配股_01079.hk_04/12/25,01079,結好,False,AGENT_SOURCED,False
供股_01079.hk_16/07/26,01079,,True,UNKNOWN,False
配股_01087.hk_13/05/26,01087,中達,False,AGENT_SOURCED,False
配股_01091.hk_18/08/26,01091,信誠,False,AGENT_SOURCED,False
配股_01094.hk_23/07/26,01094,高裕,False,AGENT_SOURCED,False
供股_01104.hk_28/05/26,01104,,True,UNKNOWN,False
配股_01119.hk_30/09/25,01119,-,True,NO_DEF,False
供股_01129.hk_06/11/24,01129,,True,UNKNOWN,False
供股_01129.hk_04/10/24,01129,,True,UNKNOWN,False
配股_01130.hk_04/11/25,01130,金利豐,False,AGENT_SOURCED,False
配股_01140.hk_30/10/25,01140,-,True,AGENT_SOURCED,True
供股_01140.hk_11/06/26,01140,,True,UNKNOWN,False
配股_01142.hk_28/11/25,01142,滙富,False,NO_DEF,False
配股_01142.hk_28/06/26,01142,-,True,DIRECT_SUBSCRIPTION,False
供股_01143.hk_13/12/24,01143,,True,UNKNOWN,False
配股_01146.hk_26/05/26,01146,-,True,DIRECT_SUBSCRIPTION,False
配股_01152.hk_26/05/26,01152,國元國際,False,NO_DEF,False
配股_01152.hk_27/04/26,01152,-,False,NO_DEF,False
配股_01153.hk_15/04/26,01153,寶時,False,AGENT_SOURCED,False
配股_01156.hk_25/06/26,01156,瑞城,False,AGENT_SOURCED,False
配股_01159.hk_02/06/26,01159,路華,False,NO_DEF,False
配股_01160.hk_18/08/26,01160,滙富金融,False,AGENT_SOURCED,False
配股_01166.hk_03/12/25,01166,雅利多,False,AGENT_SOURCED,False
配股_01177.hk_13/01/26,01177,-,False,NO_DEF,False
配股_01201.hk_17/04/26,01201,裕承資產管理,False,AGENT_SOURCED,False
配股_01201.hk_27/11/25,01201,-,True,DIRECT_SUBSCRIPTION,False
配股_01208.hk_16/06/26,01208,"中信, 摩根士丹利, 美銀, 花旗",False,AGENT_SOURCED,False
供股_01208.hk_04/06/24,01208,,True,NO_DEF,False
配股_01228.hk_16/02/26,01228,-,True,AGENT_SOURCED,True
配股_01239.hk_10/12/25,01239,-,True,DIRECT_SUBSCRIPTION,False
配股_01262.hk_05/02/26,01262,-,False,NO_DEF,False
配股_01277.hk_03/06/26,01277,中信,False,NO_DEF,False
配股_01280.hk_06/01/26,01280,-,True,NO_DEF,False
配股_01283.hk_30/09/25,01283,-,False,NO_DEF,False
配股_01286.hk_27/05/26,01286,"星展亞洲, 滙豐",False,AGENT_SOURCED,False
配股_01323.hk_11/06/26,01323,凱基,False,AGENT_SOURCED,False
配股_01327.hk_04/06/26,01327,貝格隆,False,AGENT_SOURCED,False
供股_01327.hk_02/12/24,01327,,True,UNKNOWN,False
配股_01332.hk_25/08/26,01332,-,True,DIRECT_SUBSCRIPTION,False
配股_01333.hk_26/07/26,01333,"招銀國際, 都會金融",False,NO_DEF,False
配股_01333.hk_16/11/25,01333,"國泰君安, TradeGo Markets",False,NO_DEF,False
配股_01340.hk_20/05/26,01340,華業,False,AGENT_SOURCED,False
配股_01341.hk_01/12/25,01341,梧桐,False,NO_DEF,False
供股_01355.hk_24/06/26,01355,,True,UNKNOWN,False
供股_01355.hk_21/11/24,01355,,True,UNKNOWN,False
配股_01361.hk_28/04/26,01361,瑞士銀行,False,NO_DEF,False
配股_01372.hk_13/05/26,01372,-,True,NO_DEF,False
配股_01372.hk_06/03/26,01372,-,True,NO_DEF,False
配股_01372.hk_08/01/26,01372,-,True,NO_DEF,False
配股_01378.hk_18/11/25,01378,"瑞士銀行, 招銀國際, 中信建投",False,NO_DEF,False
供股_01380.hk_27/12/24,01380,,True,UNKNOWN,False
供股_01380.hk_20/12/24,01380,,True,UNKNOWN,False
配股_01380.hk_24/04/26,01380,-,True,DIRECT_SUBSCRIPTION,False
配股_01384.hk_13/08/26,01384,"中信里昂, 興證國際, 新百利融資, 天澤",False,NO_DEF,False
配股_01384.hk_21/05/26,01384,"中信里昂, 興證國際, 浦銀國際, 新百利融資, 天澤",False,NO_DEF,False
配股_01396.hk_29/06/26,01396,-,True,NO_DEF,False
配股_01396.hk_04/12/25,01396,-,True,NO_DEF,False
供股_01396.hk_02/09/24,01396,,True,UNKNOWN,False
配股_01396.hk_03/02/26,01396,-,True,DIRECT_SUBSCRIPTION,False
供股_01401.hk_23/07/25,01401,,True,UNKNOWN,False
配股_01413.hk_10/11/25,01413,昌利,False,AGENT_SOURCED,False
供股_01413.hk_14/04/26,01413,,True,UNKNOWN,False
配股_01416.hk_21/07/26,01416,-,False,NO_DEF,False
配股_01421.hk_06/01/26,01421,宏智,False,AGENT_SOURCED,False
供股_01421.hk_22/03/24,01421,,True,UNKNOWN,False
配股_01429.hk_14/08/26,01429,朝盛資本,False,AGENT_SOURCED,False
配股_01449.hk_24/07/26,01449,德林,False,NO_DEF,False
配股_01452.hk_10/07/26,01452,-,True,DIRECT_SUBSCRIPTION,False
配股_01466.hk_29/09/25,01466,-,True,AGENT_SOURCED,True
配股_01468.hk_09/03/26,01468,京基,False,AGENT_SOURCED,False
供股_01468.hk_18/10/24,01468,,True,UNKNOWN,False
配股_01483.hk_30/01/26,01483,-,True,AGENT_SOURCED,True
供股_01486.hk_29/04/25,01486,,True,UNKNOWN,False
配股_01501.hk_14/01/26,01501,"中國國際金融, 興證國際",False,AGENT_SOURCED,False
配股_01519.hk_15/01/26,01519,-,False,NO_DEF,False
配股_01520.hk_21/01/26,01520,-,True,AGENT_SOURCED,True
供股_01529.hk_14/02/25,01529,,True,UNKNOWN,False
配股_01530.hk_02/12/25,01530,-,True,AGENT_SOURCED,True
供股_01536.hk_24/07/26,01536,,True,NO_DEF,False
配股_01539.hk_06/08/26,01539,-,True,NO_DEF,False
配股_01541.hk_09/10/25,01541,瑞士銀行,False,AGENT_SOURCED,False
供股_01559.hk_26/01/26,01559,,True,UNKNOWN,False
配股_01568.hk_05/05/26,01568,佳富達,False,AGENT_SOURCED,False
配股_01575.hk_05/02/26,01575,力高,False,AGENT_SOURCED,False
供股_01591.hk_12/12/25,01591,,True,UNKNOWN,False
供股_01592.hk_14/01/26,01592,,True,UNKNOWN,False
配股_01613.hk_05/03/26,01613,裕承資產管理,False,AGENT_SOURCED,False
供股_01613.hk_15/10/25,01613,,True,UNKNOWN,False
配股_01626.hk_12/08/26,01626,-,False,NO_DEF,False
供股_01628.hk_01/11/24,01628,,True,AGENT_SOURCED,True
配股_01631.hk_12/05/26,01631,金利豐,False,AGENT_SOURCED,False
配股_01655.hk_23/01/26,01655,雅利多,False,AGENT_SOURCED,False
配股_01655.hk_07/11/25,01655,盈立,False,AGENT_SOURCED,False
配股_01672.hk_03/02/26,01672,花旗,False,AGENT_SOURCED,False
配股_01676.hk_11/03/26,01676,凱基,False,AGENT_SOURCED,False
配股_01676.hk_09/12/25,01676,金益金融,False,AGENT_SOURCED,False
供股_01676.hk_05/06/26,01676,,True,NO_DEF,False
供股_01676.hk_18/10/24,01676,,True,UNKNOWN,False
供股_01679.hk_17/06/25,01679,,True,UNKNOWN,False
配股_01679.hk_27/05/26,01679,智易東方,False,DIRECT_SUBSCRIPTION,False
供股_01680.hk_03/10/25,01680,,True,UNKNOWN,False
供股_01682.hk_09/03/26,01682,,True,UNKNOWN,False
配股_01693.hk_12/01/26,01693,雅利多,False,AGENT_SOURCED,False
配股_01693.hk_06/01/26,01693,-,True,AGENT_SOURCED,True
配股_01693.hk_31/12/25,01693,-,True,NO_DEF,False
配股_01703.hk_15/03/26,01703,宏智,False,UNKNOWN,False
供股_01703.hk_29/07/26,01703,,True,UNKNOWN,False
配股_01709.hk_07/12/25,01709,-,False,NO_DEF,False
配股_01709.hk_21/10/25,01709,"國泰君安, 德林",False,DIRECT_SUBSCRIPTION,False
供股_01715.hk_07/03/25,01715,,True,UNKNOWN,False
配股_01716.hk_07/07/26,01716,邁時資產管理,False,AGENT_SOURCED,False
配股_01718.hk_03/02/26,01718,盈寶,False,AGENT_SOURCED,False
供股_01718.hk_17/01/25,01718,,True,UNKNOWN,False
配股_01725.hk_18/08/26,01725,高歌,False,AGENT_SOURCED,False
配股_01725.hk_05/12/25,01725,鼎石,False,DIRECT_SUBSCRIPTION,False
配股_01726.hk_04/02/26,01726,大聖,False,AGENT_SOURCED,False
配股_01728.hk_30/06/26,01728,富強,False,AGENT_SOURCED,False
配股_01729.hk_12/05/26,01729,麥格理資本,False,AGENT_SOURCED,False
配股_01729.hk_10/02/26,01729,麥格理,False,AGENT_SOURCED,False
配股_01736.hk_17/06/26,01736,-,True,AGENT_SOURCED,True
配股_01736.hk_29/12/25,01736,-,True,AGENT_SOURCED,True
供股_01745.hk_02/06/25,01745,,True,UNKNOWN,False
配股_01747.hk_18/11/25,01747,麥格理,False,AGENT_SOURCED,False
配股_01751.hk_12/12/25,01751,阿仕特朗資本,False,AGENT_SOURCED,False
供股_01751.hk_17/08/26,01751,,True,UNKNOWN,False
供股_01751.hk_06/03/26,01751,,True,UNKNOWN,False
配股_01762.hk_12/03/26,01762,-,True,NO_DEF,False
供股_01765.hk_30/07/25,01765,,True,UNKNOWN,False
供股_01765.hk_10/07/25,01765,,True,UNKNOWN,False
配股_01769.hk_15/10/25,01769,-,True,AGENT_SOURCED,True
配股_01776.hk_07/01/26,01776,-,True,AGENT_SOURCED,True
供股_01778.hk_27/01/25,01778,,True,UNKNOWN,False
配股_01782.hk_20/11/25,01782,德林,False,AGENT_SOURCED,False
配股_01783.hk_11/08/26,01783,"麥格理資本, 德意志銀行, 中銀國際",False,AGENT_SOURCED,False
配股_01783.hk_29/06/26,01783,-,True,NO_DEF,False
配股_01783.hk_17/10/25,01783,-,True,AGENT_SOURCED,True
配股_01792.hk_19/01/26,01792,華業,False,AGENT_SOURCED,False
配股_01792.hk_18/10/25,01792,-,True,AGENT_SOURCED,True
供股_01792.hk_18/06/26,01792,,True,UNKNOWN,False
配股_01796.hk_13/02/26,01796,-,True,AGENT_SOURCED,True
配股_01801.hk_22/10/25,01801,-,True,AGENT_SOURCED,True
配股_01803.hk_12/05/26,01803,-,True,DIRECT_SUBSCRIPTION,False
配股_01808.hk_15/05/26,01808,華福國際,False,AGENT_SOURCED,False
配股_01815.hk_19/11/25,01815,-,True,DIRECT_SUBSCRIPTION,False
配股_01822.hk_21/10/25,01822,昌利,False,NO_DEF,False
供股_01822.hk_18/06/26,01822,,True,UNKNOWN,False
供股_01822.hk_19/11/24,01822,,True,UNKNOWN,False
配股_01823.hk_11/02/26,01823,第一上海,False,AGENT_SOURCED,False
配股_01825.hk_29/12/25,01825,紫荊融資,False,AGENT_SOURCED,False
配股_01826.hk_12/01/26,01826,國投,False,AGENT_SOURCED,False
供股_01826.hk_29/05/26,01826,,True,UNKNOWN,False
配股_01835.hk_30/06/26,01835,-,True,UNKNOWN,False
配股_01842.hk_30/06/26,01842,-,True,DIRECT_SUBSCRIPTION,False
供股_01850.hk_19/12/24,01850,,True,UNKNOWN,False
配股_01865.hk_10/08/26,01865,-,True,AGENT_SOURCED,True
供股_01865.hk_19/07/24,01865,,True,UNKNOWN,False
配股_01869.hk_12/08/26,01869,元宇宙,False,AGENT_SOURCED,False
配股_01869.hk_16/06/26,01869,中毅資本,False,AGENT_SOURCED,False
配股_01870.hk_17/07/26,01870,華盛資本,False,AGENT_SOURCED,False
配股_01870.hk_09/12/25,01870,華盛資本,False,AGENT_SOURCED,False
供股_01872.hk_12/07/24,01872,,True,UNKNOWN,False
配股_01880.hk_20/01/26,01880,-,True,NO_DEF,False
供股_01894.hk_11/12/25,01894,,True,UNKNOWN,False
配股_01894.hk_07/07/26,01894,-,True,DIRECT_SUBSCRIPTION,False
供股_01906.hk_19/06/24,01906,,True,UNKNOWN,False
供股_01909.hk_05/10/25,01909,,True,UNKNOWN,False
配股_01912.hk_08/06/26,01912,-,True,UNKNOWN,False
配股_01918.hk_24/08/26,01918,-,False,NO_DEF,False
配股_01920.hk_15/06/26,01920,黃河,False,NO_DEF,False
配股_01920.hk_10/11/25,01920,-,True,DIRECT_SUBSCRIPTION,False
配股_01921.hk_28/04/26,01921,滙豐,False,NO_DEF,False
配股_01939.hk_30/09/25,01939,東吳,False,AGENT_SOURCED,False
供股_01942.hk_21/05/26,01942,,True,UNKNOWN,False
配股_01943.hk_25/06/26,01943,鼎石,False,AGENT_SOURCED,False
配股_01949.hk_26/06/26,01949,-,True,DIRECT_SUBSCRIPTION,False
配股_01950.hk_30/06/26,01950,中富,False,AGENT_SOURCED,False
配股_01961.hk_04/03/26,01961,鼎石,False,AGENT_SOURCED,False
配股_01966.hk_13/04/26,01966,-,True,NO_DEF,False
配股_01985.hk_06/07/26,01985,阿仕特朗,False,AGENT_SOURCED,False
供股_01991.hk_05/02/26,01991,,True,UNKNOWN,False
配股_02007.hk_22/12/25,02007,-,True,NO_DEF,False
配股_02012.hk_21/12/25,02012,滿好,False,NO_DEF,False
配股_02012.hk_22/10/25,02012,-,True,NO_DEF,False
配股_02028.hk_29/06/26,02028,瑞城,False,AGENT_SOURCED,False
配股_02028.hk_26/05/26,02028,瑞城,False,AGENT_SOURCED,False
配股_02110.hk_15/04/26,02110,鼎石,False,AGENT_SOURCED,False
配股_02110.hk_10/10/25,02110,鼎石,False,AGENT_SOURCED,False
供股_02135.hk_26/02/24,02135,,True,UNKNOWN,False
配股_02147.hk_30/12/25,02147,中國北方,False,AGENT_SOURCED,False
供股_02147.hk_03/08/26,02147,,True,UNKNOWN,False
配股_02159.hk_30/03/26,02159,萬海,False,AGENT_SOURCED,False
配股_02160.hk_29/09/25,02160,-,True,NO_DEF,False
配股_02166.hk_22/06/26,02166,國投,False,AGENT_SOURCED,False
配股_02171.hk_15/05/26,02171,"瑞士銀行, 麥格理",False,AGENT_SOURCED,False
配股_02175.hk_06/11/25,02175,-,False,UNKNOWN,False
配股_02187.hk_26/01/26,02187,-,True,AGENT_SOURCED,True
供股_02211.hk_17/07/26,02211,,True,UNKNOWN,False
配股_02216.hk_10/10/25,02216,-,True,DIRECT_SUBSCRIPTION,False
配股_02221.hk_23/12/25,02221,-,True,AGENT_SOURCED,True
配股_02250.hk_28/01/26,02250,華業,False,AGENT_SOURCED,False
配股_02250.hk_30/09/25,02250,華業,False,AGENT_SOURCED,False
配股_02256.hk_21/04/26,02256,花旗,False,AGENT_SOURCED,False
配股_02257.hk_25/05/26,02257,-,True,NO_DEF,False
配股_02271.hk_10/02/26,02271,智易東方,False,AGENT_SOURCED,False
配股_02276.hk_27/01/26,02276,"海通國際, 華泰國際",False,AGENT_SOURCED,False
配股_02312.hk_17/04/26,02312,-,False,NO_DEF,False
配股_02312.hk_06/10/25,02312,-,True,DIRECT_SUBSCRIPTION,False
配股_02322.hk_17/11/25,02322,"潮商, 昌利, 瑞森港通",False,AGENT_SOURCED,False
供股_02324.hk_13/08/25,02324,,True,UNKNOWN,False
配股_02330.hk_05/08/26,02330,滙盈,False,AGENT_SOURCED,False
配股_02330.hk_17/10/25,02330,元庫,False,AGENT_SOURCED,False
供股_02330.hk_08/04/24,02330,,True,AGENT_SOURCED,True
供股_02339.hk_22/08/24,02339,,True,UNKNOWN,False
配股_02339.hk_17/11/25,02339,-,True,DIRECT_SUBSCRIPTION,False
配股_02340.hk_30/09/25,02340,金利豐,False,AGENT_SOURCED,False
供股_02340.hk_11/04/25,02340,,True,UNKNOWN,False
配股_02349.hk_17/06/26,02349,-,True,AGENT_SOURCED,True
配股_02350.hk_28/08/26,02350,-,False,NO_DEF,False
配股_02350.hk_31/12/25,02350,-,False,NO_DEF,False
供股_02350.hk_12/05/26,02350,,True,UNKNOWN,False
配股_02369.hk_17/07/26,02369,-,True,AGENT_SOURCED,True
配股_02371.hk_24/10/25,02371,-,True,AGENT_SOURCED,True
配股_02373.hk_15/10/25,02373,-,False,NO_DEF,False
配股_02399.hk_12/12/25,02399,-,True,AGENT_SOURCED,True
配股_02402.hk_16/12/25,02402,國泰君安,False,AGENT_SOURCED,False
配股_02410.hk_21/07/26,02410,-,True,DIRECT_SUBSCRIPTION,False
配股_02422.hk_23/12/25,02422,盈寶,False,AGENT_SOURCED,False
供股_02425.hk_16/04/25,02425,,True,UNKNOWN,False
配股_02431.hk_22/07/26,02431,中信里昂,False,AGENT_SOURCED,False
配股_02431.hk_26/11/25,02431,"國泰海通, 國泰君安, 軟庫中華, 中信",False,AGENT_SOURCED,False
配股_02431.hk_29/05/26,02431,-,True,DIRECT_SUBSCRIPTION,False
配股_02432.hk_06/11/25,02432,瑞士銀行,False,NO_DEF,False
配股_02439.hk_01/04/26,02439,寶新,False,AGENT_SOURCED,False
供股_02440.hk_04/06/25,02440,,True,UNKNOWN,False
配股_02440.hk_14/11/25,02440,-,True,DIRECT_SUBSCRIPTION,False
配股_02448.hk_05/02/26,02448,-,True,UNKNOWN,False
供股_02448.hk_01/03/24,02448,,True,UNKNOWN,False
配股_02459.hk_26/01/26,02459,"粵商國際, 佳富達",False,AGENT_SOURCED,False
供股_02459.hk_07/07/25,02459,,True,NO_DEF,False
配股_02465.hk_17/06/26,02465,"國泰君安, 中信建投",False,AGENT_SOURCED,False
配股_02473.hk_04/08/26,02473,-,False,NO_DEF,False
配股_02473.hk_13/05/26,02473,華富建業,False,AGENT_SOURCED,False
配股_02473.hk_13/04/26,02473,華富建業,False,AGENT_SOURCED,False
配股_02477.hk_13/07/26,02477,貝塔國際,False,NO_DEF,False
配股_02490.hk_12/06/26,02490,"建銀國際, 新百利融資, 力高, 天澤",False,AGENT_SOURCED,False
配股_02495.hk_20/05/26,02495,-,True,AGENT_SOURCED,True
配股_02495.hk_12/01/26,02495,-,True,AGENT_SOURCED,True
配股_02495.hk_10/04/26,02495,-,True,DIRECT_SUBSCRIPTION,False
配股_02497.hk_28/05/26,02497,-,False,UNKNOWN,False
配股_02499.hk_17/04/26,02499,-,True,DIRECT_SUBSCRIPTION,False
配股_02501.hk_26/07/26,02501,東皓,False,AGENT_SOURCED,False
配股_02503.hk_06/11/25,02503,-,True,NO_DEF,False
供股_02503.hk_26/03/26,02503,,True,UNKNOWN,False
配股_02511.hk_31/07/26,02511,華興,False,NO_DEF,False
配股_02513.hk_09/07/26,02513,中國國際金融,False,AGENT_SOURCED,False
配股_02515.hk_21/05/26,02515,-,True,AGENT_SOURCED,True
配股_02515.hk_11/02/26,02515,眾宸,False,AGENT_SOURCED,False
配股_02516.hk_12/11/25,02516,德林,False,AGENT_SOURCED,False
配股_02522.hk_27/04/26,02522,-,False,NO_DEF,False
配股_02533.hk_10/03/26,02533,"中國國際金融, 華泰",False,AGENT_SOURCED,False
配股_02533.hk_09/01/26,02533,-,True,DIRECT_SUBSCRIPTION,False
配股_02540.hk_22/05/26,02540,眾宸,False,AGENT_SOURCED,False
配股_02550.hk_03/06/26,02550,-,False,UNKNOWN,False
配股_02556.hk_15/05/26,02556,-,True,NO_DEF,False
配股_02563.hk_07/05/26,02563,-,True,DIRECT_SUBSCRIPTION,False
配股_02565.hk_14/12/25,02565,"中信里昂, 農銀國際, 黃河, 利弗莫爾",False,AGENT_SOURCED,False
配股_02570.hk_18/01/26,02570,麥格理資本,False,AGENT_SOURCED,False
配股_02577.hk_10/10/25,02577,"中信里昂, 海通國際",False,NO_DEF,False
配股_02582.hk_11/03/26,02582,麥格理,False,AGENT_SOURCED,False
配股_02582.hk_25/11/25,02582,大灣區深港,False,AGENT_SOURCED,False
配股_02582.hk_16/10/25,02582,麥格理,False,AGENT_SOURCED,False
配股_02592.hk_18/06/26,02592,-,True,DIRECT_SUBSCRIPTION,False
配股_02595.hk_15/07/26,02595,"摩根士丹利, 中信里昂",False,AGENT_SOURCED,False
配股_02603.hk_16/07/26,02603,"國泰君安, 招商, 力高",False,AGENT_SOURCED,False
配股_02610.hk_22/01/26,02610,"華泰, 中國國際金融",False,DIRECT_SUBSCRIPTION,False
配股_02616.hk_15/04/26,02616,高盛,False,AGENT_SOURCED,False
配股_02617.hk_19/05/26,02617,麥格理,False,AGENT_SOURCED,False
配股_02617.hk_15/04/26,02617,麥格理,False,AGENT_SOURCED,False
配股_02617.hk_14/01/26,02617,中信,False,AGENT_SOURCED,False
配股_02623.hk_18/06/26,02623,"第一上海, 新百利, 天澤",False,AGENT_SOURCED,False
供股_02623.hk_29/01/26,02623,,True,UNKNOWN,False
配股_02625.hk_11/11/25,02625,勝利,False,NO_DEF,False
配股_02629.hk_29/01/26,02629,"中信, 建銀國際",False,NO_DEF,False
配股_02643.hk_28/01/26,02643,"法國巴黎, 國泰君安",False,AGENT_SOURCED,False
配股_02650.hk_23/06/26,02650,"立鼎, 天澤, 新百利融資",False,AGENT_SOURCED,False
配股_02651.hk_24/06/26,02651,聖衡金融,False,AGENT_SOURCED,False
配股_02652.hk_31/07/26,02652,"中信里昂, 建銀國際, 天澤, 新百利融資",False,AGENT_SOURCED,False
供股_02680.hk_26/09/24,02680,,True,UNKNOWN,False
配股_02685.hk_10/07/26,02685,-,True,DIRECT_SUBSCRIPTION,False
供股_02699.hk_16/02/26,02699,,True,UNKNOWN,False
供股_02699.hk_06/12/24,02699,,True,UNKNOWN,False
配股_02865.hk_21/01/26,02865,"結好, 勝利, 百惠",False,AGENT_SOURCED,False
配股_02889.hk_17/06/26,02889,"國泰君安, 招銀國際",False,AGENT_SOURCED,False
配股_02889.hk_28/04/26,02889,-,True,DIRECT_SUBSCRIPTION,False
供股_03303.hk_14/01/26,03303,,True,UNKNOWN,False
配股_03306.hk_23/01/26,03306,中國國際金融,False,AGENT_SOURCED,False
配股_03313.hk_05/12/25,03313,京基,False,AGENT_SOURCED,False
配股_03317.hk_03/07/26,03317,"摩根士丹利, 高盛, 德意志, 國泰君安",False,AGENT_SOURCED,False
配股_03321.hk_03/03/26,03321,日發,False,AGENT_SOURCED,False
配股_03330.hk_14/04/26,03330,"海通國際, 招銀國際",False,AGENT_SOURCED,False
配股_03393.hk_21/04/26,03393,"中金, 花旗",False,NO_DEF,False
配股_03395.hk_03/11/25,03395,-,True,NO_DEF,False
配股_03395.hk_31/10/25,03395,-,True,NO_DEF,False
配股_03395.hk_13/10/25,03395,-,True,NO_DEF,False
配股_03666.hk_16/02/26,03666,中國中恒,False,AGENT_SOURCED,False
配股_03669.hk_15/07/26,03669,-,True,NO_DEF,False
配股_03677.hk_17/10/25,03677,中信,False,AGENT_SOURCED,False
配股_03680.hk_30/07/26,03680,遠源,False,AGENT_SOURCED,False
配股_03680.hk_25/01/26,03680,遠源,False,AGENT_SOURCED,False
配股_03700.hk_28/05/26,03700,-,True,AGENT_SOURCED,True
配股_03708.hk_22/06/26,03708,-,True,DIRECT_SUBSCRIPTION,False
配股_03750.hk_28/04/26,03750,"美林, 中國國際金融, 摩根大通, 摩根士丹利",False,AGENT_SOURCED,False
配股_03759.hk_15/01/26,03759,-,True,NO_DEF,False
配股_03788.hk_22/01/26,03788,"麥格理, 中國國際金融",False,NO_DEF,False
配股_03899.hk_20/01/26,03899,中信,False,AGENT_SOURCED,False
配股_03919.hk_06/05/26,03919,-,True,DIRECT_SUBSCRIPTION,False
配股_03919.hk_06/08/26,03919,-,True,DIRECT_SUBSCRIPTION,False
配股_03919.hk_24/10/25,03919,-,True,DIRECT_SUBSCRIPTION,False
配股_03928.hk_10/02/26,03928,邁時資產管理,False,AGENT_SOURCED,False
配股_06030.hk_28/05/26,06030,中信,False,NO_DEF,False
配股_06082.hk_05/07/26,06082,"中國國際金融, 中信里昂",False,AGENT_SOURCED,False
配股_06086.hk_27/01/26,06086,國泰君安,False,AGENT_SOURCED,False
配股_06108.hk_05/12/25,06108,昌利,False,AGENT_SOURCED,False
供股_06128.hk_03/12/24,06128,,True,UNKNOWN,False
配股_06162.hk_17/04/26,06162,-,True,AGENT_SOURCED,True
配股_06166.hk_28/05/26,06166,"國泰君安, 開盤, 美林",False,AGENT_SOURCED,False
配股_06181.hk_22/10/25,06181,"摩根士丹利, 高盛",False,NO_DEF,False
供股_06610.hk_15/07/26,06610,,True,NO_DEF,False
配股_06616.hk_30/11/25,06616,-,False,NO_DEF,False
配股_06651.hk_03/07/26,06651,"高盛, 華泰金融",False,NO_DEF,False
配股_06681.hk_23/01/26,06681,國泰君安,False,AGENT_SOURCED,False
配股_06682.hk_22/04/26,06682,"中金, 華泰",False,AGENT_SOURCED,False
配股_06683.hk_13/11/25,06683,"國泰君安, 民銀",False,AGENT_SOURCED,False
配股_06693.hk_22/03/26,06693,-,True,NO_DEF,False
供股_06696.hk_04/09/25,06696,,True,UNKNOWN,False
供股_06829.hk_13/09/24,06829,,True,UNKNOWN,False
配股_06869.hk_10/12/25,06869,中金,False,AGENT_SOURCED,False
配股_06908.hk_02/12/25,06908,-,False,UNKNOWN,False
供股_06908.hk_12/11/24,06908,,True,NO_DEF,False
配股_06922.hk_12/01/26,06922,-,True,UNKNOWN,False
供股_06928.hk_04/08/25,06928,,True,UNKNOWN,False
配股_06928.hk_18/11/25,06928,-,True,DIRECT_SUBSCRIPTION,False
配股_06939.hk_23/01/26,06939,-,True,UNKNOWN,False
供股_06978.hk_19/09/25,06978,,True,UNKNOWN,False
配股_06990.hk_08/07/26,06990,"高盛, 花旗, 摩根大通",False,AGENT_SOURCED,False
配股_08003.hk_22/06/26,08003,-,True,NO_DEF,False
供股_08006.hk_25/06/25,08006,,True,NO_DEF,False
配股_08007.hk_02/04/26,08007,日發,False,AGENT_SOURCED,False
供股_08007.hk_15/11/24,08007,,True,UNKNOWN,False
配股_08017.hk_11/11/25,08017,國泰君安,False,AGENT_SOURCED,False
供股_08021.hk_06/02/26,08021,,True,UNKNOWN,False
供股_08027.hk_13/07/26,08027,,True,UNKNOWN,False
供股_08028.hk_27/02/25,08028,,True,UNKNOWN,False
供股_08030.hk_26/04/24,08030,,True,UNKNOWN,False
配股_08031.hk_01/06/26,08031,中毅,False,AGENT_SOURCED,False
供股_08057.hk_05/03/26,08057,,True,UNKNOWN,False
供股_08072.hk_22/07/24,08072,,True,UNKNOWN,False
配股_08079.hk_23/03/26,08079,-,False,NO_DEF,False
配股_08079.hk_27/08/26,08079,-,True,DIRECT_SUBSCRIPTION,False
供股_08087.hk_21/10/24,08087,,True,UNKNOWN,False
供股_08096.hk_27/04/26,08096,,True,UNKNOWN,False
配股_08106.hk_11/02/26,08106,-,True,NO_DEF,False
供股_08113.hk_13/05/26,08113,,True,UNKNOWN,False
供股_08113.hk_08/10/24,08113,,True,UNKNOWN,False
配股_08120.hk_24/04/26,08120,嬴控,False,AGENT_SOURCED,False
供股_08120.hk_31/12/24,08120,,True,UNKNOWN,False
供股_08121.hk_10/07/26,08121,,True,UNKNOWN,False
供股_08121.hk_21/02/24,08121,,True,UNKNOWN,False
配股_08123.hk_23/06/26,08123,-,True,UNKNOWN,False
配股_08125.hk_23/07/26,08125,宏智,False,AGENT_SOURCED,False
配股_08125.hk_23/04/26,08125,宏智,False,AGENT_SOURCED,False
供股_08125.hk_13/12/24,08125,,True,UNKNOWN,False
配股_08131.hk_10/06/26,08131,新確,False,AGENT_SOURCED,False
供股_08133.hk_26/08/25,08133,,True,UNKNOWN,False
配股_08137.hk_29/06/26,08137,-,True,NO_DEF,False
供股_08143.hk_14/03/25,08143,,True,UNKNOWN,False
配股_08143.hk_10/03/26,08143,-,True,DIRECT_SUBSCRIPTION,False
配股_08153.hk_26/03/26,08153,昌利,False,AGENT_SOURCED,False
供股_08153.hk_24/10/25,08153,,True,UNKNOWN,False
供股_08153.hk_28/06/24,08153,,True,UNKNOWN,False
配股_08159.hk_02/10/25,08159,-,True,DIRECT_SUBSCRIPTION,False
配股_08160.hk_24/07/26,08160,昌利,False,NO_DEF,False
配股_08160.hk_30/09/25,08160,-,False,UNKNOWN,False
供股_08160.hk_30/04/24,08160,,True,UNKNOWN,False
配股_08168.hk_13/03/26,08168,謝氏膺暉,False,AGENT_SOURCED,False
配股_08178.hk_19/11/25,08178,寶新,False,AGENT_SOURCED,False
供股_08178.hk_21/04/26,08178,,True,UNKNOWN,False
供股_08178.hk_13/08/25,08178,,True,NO_DEF,False
供股_08179.hk_14/08/26,08179,,True,UNKNOWN,False
供股_08179.hk_04/10/24,08179,,True,UNKNOWN,False
供股_08191.hk_17/04/26,08191,,True,UNKNOWN,False
配股_08191.hk_29/12/25,08191,-,True,DIRECT_SUBSCRIPTION,False
供股_08193.hk_14/08/26,08193,,True,UNKNOWN,False
配股_08196.hk_19/05/26,08196,凱基,False,AGENT_SOURCED,False
配股_08196.hk_10/12/25,08196,凱基,False,AGENT_SOURCED,False
供股_08196.hk_16/05/24,08196,,True,UNKNOWN,False
配股_08198.hk_31/07/26,08198,嘉匯達,False,AGENT_SOURCED,False
供股_08219.hk_27/06/24,08219,,True,UNKNOWN,False
配股_08223.hk_09/03/26,08223,-,True,AGENT_SOURCED,True
供股_08223.hk_14/08/24,08223,,True,UNKNOWN,False
配股_08238.hk_15/10/25,08238,宏智,False,NO_DEF,False
供股_08238.hk_07/11/25,08238,,True,NO_DEF,False
配股_08239.hk_03/07/26,08239,高盈,False,NO_DEF,False
配股_08245.hk_28/08/26,08245,未來金融,False,AGENT_SOURCED,False
配股_08245.hk_20/03/26,08245,未來金融,False,AGENT_SOURCED,False
配股_08246.hk_02/04/26,08246,-,False,NO_DEF,False
配股_08246.hk_20/10/25,08246,-,True,UNKNOWN,False
配股_08246.hk_05/10/25,08246,-,True,DIRECT_SUBSCRIPTION,False
配股_08247.hk_05/08/26,08247,-,False,NO_DEF,False
配股_08268.hk_23/02/26,08268,致富,False,AGENT_SOURCED,False
配股_08275.hk_24/11/25,08275,軟庫中華,False,AGENT_SOURCED,False
供股_08275.hk_04/09/24,08275,,True,UNKNOWN,False
供股_08282.hk_22/09/25,08282,,True,UNKNOWN,False
供股_08283.hk_04/11/25,08283,,True,UNKNOWN,False
供股_08291.hk_09/07/26,08291,,True,UNKNOWN,False
配股_08292.hk_01/12/25,08292,中毅資本,False,AGENT_SOURCED,False
配股_08299.hk_19/05/26,08299,"第一上海, 中銀國際, 工銀國際",False,AGENT_SOURCED,False
配股_08299.hk_30/03/26,08299,-,False,UNKNOWN,False
配股_08320.hk_22/04/26,08320,軟庫中華,False,AGENT_SOURCED,False
配股_08321.hk_10/11/25,08321,建泉融資,False,DIRECT_SUBSCRIPTION,False
供股_08326.hk_02/07/24,08326,,True,UNKNOWN,False
配股_08340.hk_06/07/26,08340,盈立,False,NO_DEF,False
供股_08340.hk_25/03/24,08340,,True,UNKNOWN,False
供股_08341.hk_04/09/25,08341,,True,UNKNOWN,False
配股_08365.hk_17/07/26,08365,-,False,NO_DEF,False
配股_08365.hk_04/03/26,08365,-,False,NO_DEF,False
配股_08365.hk_04/11/25,08365,建泉融資,False,AGENT_SOURCED,False
供股_08365.hk_23/09/24,08365,,True,DIRECT_SUBSCRIPTION,False
供股_08366.hk_29/07/26,08366,,True,UNKNOWN,False
配股_08367.hk_08/07/26,08367,聖衡金融,False,NO_DEF,False
配股_08368.hk_09/07/26,08368,-,False,NO_DEF,False
配股_08373.hk_30/07/26,08373,-,True,NO_DEF,False
配股_08373.hk_27/07/26,08373,-,True,NO_DEF,False
配股_08375.hk_29/12/25,08375,雅利多,False,AGENT_SOURCED,False
配股_08377.hk_13/07/26,08377,美建,False,AGENT_SOURCED,False
配股_08391.hk_02/10/25,08391,建泉融資,False,AGENT_SOURCED,False
配股_08391.hk_06/11/25,08391,-,True,DIRECT_SUBSCRIPTION,False
配股_08395.hk_21/05/26,08395,華富建業,False,AGENT_SOURCED,False
配股_08401.hk_15/07/26,08401,華業,False,AGENT_SOURCED,False
供股_08401.hk_07/02/25,08401,,True,UNKNOWN,False
配股_08403.hk_10/04/26,08403,遠源,False,AGENT_SOURCED,False
配股_08406.hk_27/07/26,08406,-,True,AGENT_SOURCED,True
配股_08406.hk_16/03/26,08406,-,False,NO_DEF,False
配股_08412.hk_30/07/26,08412,-,True,DIRECT_SUBSCRIPTION,False
供股_08422.hk_20/03/26,08422,,True,UNKNOWN,False
供股_08426.hk_30/07/24,08426,,True,AGENT_SOURCED,True
配股_08427.hk_03/12/25,08427,-,True,DIRECT_SUBSCRIPTION,False
配股_08431.hk_25/03/26,08431,昌利,False,AGENT_SOURCED,False
供股_08431.hk_09/10/25,08431,,True,UNKNOWN,False
供股_08456.hk_20/12/24,08456,,True,UNKNOWN,False
配股_08460.hk_09/12/25,08460,國農,False,AGENT_SOURCED,False
配股_08460.hk_28/10/25,08460,-,True,NO_DEF,False
供股_08460.hk_23/02/24,08460,,True,UNKNOWN,False
配股_08471.hk_05/05/26,08471,瑞邦,False,AGENT_SOURCED,False
配股_08482.hk_21/10/25,08482,鼎石,False,AGENT_SOURCED,False
配股_08482.hk_16/07/26,08482,-,True,DIRECT_SUBSCRIPTION,False
配股_08489.hk_30/12/25,08489,-,True,AGENT_SOURCED,True
供股_08500.hk_29/05/24,08500,,True,UNKNOWN,False
供股_08507.hk_19/03/26,08507,,True,UNKNOWN,False
配股_08510.hk_01/06/26,08510,-,True,DIRECT_SUBSCRIPTION,False
配股_08510.hk_05/12/25,08510,-,True,DIRECT_SUBSCRIPTION,False
配股_08510.hk_21/10/25,08510,-,True,DIRECT_SUBSCRIPTION,False
配股_08511.hk_23/03/26,08511,粵商國際,False,AGENT_SOURCED,False
供股_08516.hk_23/05/25,08516,,True,UNKNOWN,False
供股_08537.hk_25/06/24,08537,,True,UNKNOWN,False
配股_08547.hk_10/12/25,08547,弘雅資本,False,AGENT_SOURCED,False
供股_08547.hk_27/01/26,08547,,True,UNKNOWN,False
供股_08547.hk_19/03/25,08547,,True,UNKNOWN,False
配股_08547.hk_14/11/25,08547,-,True,DIRECT_SUBSCRIPTION,False
配股_08547.hk_18/11/25,08547,-,True,DIRECT_SUBSCRIPTION,False
配股_08547.hk_19/08/26,08547,-,True,DIRECT_SUBSCRIPTION,False
配股_08603.hk_19/11/25,08603,-,True,UNKNOWN,False
供股_08611.hk_16/02/26,08611,,True,UNKNOWN,False
供股_08611.hk_23/12/25,08611,,True,UNKNOWN,False
供股_08612.hk_17/10/25,08612,,True,UNKNOWN,False
供股_08619.hk_11/02/26,08619,,True,UNKNOWN,False
配股_08620.hk_25/06/26,08620,智易東方,False,NO_DEF,False
配股_08623.hk_21/10/25,08623,帝國國際,False,AGENT_SOURCED,False
供股_08623.hk_14/02/25,08623,,True,UNKNOWN,False
配股_08631.hk_16/01/26,08631,華富建業,False,AGENT_SOURCED,False
配股_08635.hk_31/07/26,08635,元庫,False,AGENT_SOURCED,False
配股_08646.hk_21/01/26,08646,-,True,AGENT_SOURCED,True
配股_08659.hk_24/12/25,08659,-,True,AGENT_SOURCED,True
配股_09600.hk_04/02/26,09600,東興,False,DIRECT_SUBSCRIPTION,False
配股_09677.hk_14/06/26,09677,華泰,False,NO_DEF,False
配股_09677.hk_21/12/25,09677,華泰國際,False,NO_DEF,False
配股_09678.hk_28/05/26,09678,法國巴黎,False,NO_DEF,False
配股_09678.hk_03/02/26,09678,國泰君安,False,NO_DEF,False
配股_09678.hk_16/01/26,09678,國泰君安,False,NO_DEF,False
配股_09689.hk_16/07/26,09689,嘉高達,False,AGENT_SOURCED,False
配股_09689.hk_29/05/26,09689,嘉高達,False,AGENT_SOURCED,False
配股_09696.hk_04/02/26,09696,"高盛, 滙豐, 華泰金融",False,AGENT_SOURCED,False
配股_09858.hk_16/01/26,09858,"摩根大通, 中信",False,AGENT_SOURCED,False
配股_09880.hk_25/11/25,09880,"國泰君安, 中信里昂, TradeGo",False,NO_DEF,False
配股_09903.hk_09/07/26,09903,"高盛, 摩根士丹利, 華泰金融, 摩根大通",False,UNKNOWN,False
配股_09936.hk_03/06/26,09936,"麥格理, 中國國際金融",False,AGENT_SOURCED,False
配股_09939.hk_12/11/25,09939,-,True,DIRECT_SUBSCRIPTION,False
配股_09958.hk_10/04/26,09958,凱基,False,AGENT_SOURCED,False
配股_09958.hk_14/01/26,09958,凱基,False,AGENT_SOURCED,False
供股_09958.hk_27/08/26,09958,,True,NO_DEF,False
配股_09963.hk_14/08/26,09963,-,True,AGENT_SOURCED,True
配股_09963.hk_17/12/25,09963,"創陞, 民銀, 華安, 誠港金融",False,AGENT_SOURCED,False
配股_09982.hk_18/06/26,09982,-,True,NO_DEF,False
配股_09988.hk_24/08/26,09988,"中國國際金融, 滙豐, 摩根士丹利, 瑞士銀行",False,NO_DEF,False
