go_ref,go_name,months_after_go,superseded,ann_title,event_id,input_row,source_file,stock_code,stock_name,ann_date,ann_type,mandate,placee_label,placee_name,placee_type,beneficial_owner,shares,price,price_source,pct_enlarged,pct_enlarged_source,below_5pct,lockup,independent_declared,completion_date,source_url,snippet,parse_confidence,fail_reason
GO_00389_13/08/26,王赫,0.2,,有關根據一般授權配售新股份之 配售協議終止,PGO_00389_20/08/2026 22:48,2.0,全購事件20260831.csv,00389,通天酒業,2026-08-20,配售,,,,,,,,,,,,,,,https://www1.hkexnews.hk/listedco/listconews/sehk/2026/0820/2026082001842_c.pdf,,,NO_PLACEE_DEF
GO_01716_12/03/26,驍駿傳奇有限公司 (馬黎陽),4.3,,公告 有關根據一般授權配售新股份的第三份補充協議,PGO_01716_31/08/2026 21:33,33.0,全購事件20260831.csv,01716,毛記葵涌,2026-08-31,配售,,,,,,,,,,,,,,,https://www1.hkexnews.hk/listedco/listconews/sehk/2026/0831/2026083102332_c.pdf,,,NO_PLACEE_DEF
GO_01716_12/03/26,驍駿傳奇有限公司 (馬黎陽),3.6,,公告 有關根據一般授權配售新股份的第二份補充協議,PGO_01716_10/08/2026 22:54,33.0,全購事件20260831.csv,01716,毛記葵涌,2026-08-10,配售,,,,,,,,,,,,,,,https://www1.hkexnews.hk/listedco/listconews/sehk/2026/0810/2026081001371_c.pdf,,,NO_PLACEE_DEF
GO_01716_12/03/26,驍駿傳奇有限公司 (馬黎陽),2.9,,公告有關根據一般授權配售新股份的補充協議,PGO_01716_20/07/2026 22:55,33.0,全購事件20260831.csv,01716,毛記葵涌,2026-07-20,配售,,,,,,,,,,,,,,,https://www1.hkexnews.hk/listedco/listconews/sehk/2026/0720/2026072001494_c.pdf,,,NO_PLACEE_DEF
GO_01716_12/03/26,驍駿傳奇有限公司 (馬黎陽),2.5,,公告 根據一般授權配售新股份,PGO_01716_07/07/2026 06:38,33.0,全購事件20260831.csv,01716,毛記葵涌,2026-07-07,配售,,承配人,,,,,,,,,,,,,https://www1.hkexnews.hk/listedco/listconews/sehk/2026/0707/2026070700086_c.pdf,,MED,NO_NAMED_PLACEE
GO_01429_23/01/26,大成國際控股有限公司 (鄒峰),6.1,,根據一般授權配售新股份完成,PGO_01429_08/09/2026 16:31,39.0,全購事件20260831.csv,01429,天任集團,2026-09-08,配售,,,,,,,,,,,,,,,https://www1.hkexnews.hk/listedco/listconews/sehk/2026/0908/2026090800203_c.pdf,,,NO_PLACEE_DEF
GO_01429_23/01/26,大成國際控股有限公司 (鄒峰),5.3,0.0,根據一般授權配售新股份,PGO_01429_14/08/2026 22:28,39.0,全購事件20260831.csv,01429,天任集團,2026-08-14,配售,,承配人,靚拼國際控股有限公司,公司,鄒峰先生,,,,,,,,,,https://www1.hkexnews.hk/listedco/listconews/sehk/2026/0814/2026081401984_c.pdf,"配售）的股 權架構。 緊隨完成後（假設全部配 於本公告日期 售股份獲悉數配售） 佔已發行 佔已發行 股份的概約 股份的概約 股份數目 百分比 股份數目 百分比 靚拼國際控股有限公司 （附註） 853,236,000 53.33 853,236,000 44.44 公眾股東 承配人 – – 320,000,000 16.67 其他公眾股東 746,764,000 46.67 74",,
GO_08031_19/01/26,Jumbo Growth Trading Limited (蕭文安),3.1,,完成根據一般授權配售新股份,PGO_08031_22/06/2026 17:13,42.0,全購事件20260831.csv,08031,易通訊集團,2026-06-22,配售,,,,,,,,,,,,,,2026-06-22,https://www1.hkexnews.hk/listedco/listconews/gem/2026/0622/2026062200651_c.pdf,,,NO_PLACEE_DEF
GO_08031_19/01/26,Jumbo Growth Trading Limited (蕭文安),2.9,,補充公佈 根據一般授權配售新股份,PGO_08031_15/06/2026 17:15,42.0,全購事件20260831.csv,08031,易通訊集團,2026-06-15,配售,,,,,,,,,,,,,,,https://www1.hkexnews.hk/listedco/listconews/gem/2026/0615/2026061500833_c.pdf,,,NO_PLACEE_DEF
GO_08031_19/01/26,Jumbo Growth Trading Limited (蕭文安),2.4,0.0,根據一般授權配售新股份,PGO_08031_01/06/2026 21:58,42.0,全購事件20260831.csv,08031,易通訊集團,2026-06-01,配售,,承配人,行股本均由蕭先生,個人,,,,,,,,,,,https://www1.hkexnews.hk/listedco/listconews/gem/2026/0601/2026060103933_c.pdf,"24.13% 總計 295,625,000 100.00% 354,745,000 100.00% 附註： 1. 宏進貿易為於薩摩亞註冊成立的公司，其全部已發行股本均由蕭先生持有。 股東及股份的潛在投資者務請注意，配售事項完成須待配售協議所載先決條 件獲達成後方始作實，而配售事項未必一定會進行。股東及潛在投資者在買賣 股份時務請審慎行事。 – 6 – 釋義 於本公佈內，除",,
GO_09929_03/12/25,姚記資本有限公司 (姚朔斌),3.1,,完成根據特別授權發行可換股債券,PGO_09929_24/04/2026 21:28,50.0,全購事件20260831.csv,09929,澳達控股,2026-04-24,完成根據特別授權發行可換股債券,,,,,,,,,,,,,,,https://www1.hkexnews.hk/listedco/listconews/sehk/2026/0424/2026042403258_c.pdf,,,NO_PLACEE_DEF
GO_02442_02/12/25,天賦國際集團有限公司,3.6,,內幕消息 - 控股股東完成配售現有股份,PGO_02442_04/05/2026 22:27,51.0,全購事件20260831.csv,02442,怡俊集團控股,2026-05-04,配售,,,,,,,,,,,,,,2026-04-30,https://www1.hkexnews.hk/listedco/listconews/sehk/2026/0504/2026050403411_c.pdf,,,NO_PLACEE_DEF
GO_08403_26/11/25,孫維,2.8,,完成根據一般授權配售新股份,PGO_08403_30/04/2026 20:58,54.0,全購事件20260831.csv,08403,德豐宿來,2026-04-30,配售,,,,,,,,,,,,,,2026-04-30,https://www1.hkexnews.hk/listedco/listconews/gem/2026/0430/2026043003679_c.pdf,,,NO_PLACEE_DEF
GO_08403_26/11/25,孫維,2.1,,根據一般授權配售新股份,PGO_08403_10/04/2026 21:06,54.0,全購事件20260831.csv,08403,德豐宿來,2026-04-10,配售,,承配人,,,,,,,,,,,,,https://www1.hkexnews.hk/listedco/listconews/gem/2026/0410/2026041001280_c.pdf,,MED,NO_NAMED_PLACEE
GO_00167_17/11/25,"香港弘立科技有限公司, Horizon Heights (沈晶瑋)",1.6,,完成根據一般授權配售新股份,PGO_00167_12/03/2026 17:33,56.0,全購事件20260831.csv,00167,IDT INT'L,2026-03-12,配售,,,,,,,,,,,,,,,https://www1.hkexnews.hk/listedco/listconews/sehk/2026/0312/2026031200653_c.pdf,,,NO_PLACEE_DEF
GO_00167_17/11/25,"香港弘立科技有限公司, Horizon Heights (沈晶瑋)",1.5,,(1)延長根據一般授權配售新股份的截止日期；及(2)根據一般授權配售新股份之補充公佈,PGO_00167_08/03/2026 18:03,56.0,全購事件20260831.csv,00167,IDT INT'L,2026-03-08,配售,,,,,,,,,,,,,,,https://www1.hkexnews.hk/listedco/listconews/sehk/2026/0308/2026030800004_c.pdf,,,NO_PLACEE_DEF
GO_00167_17/11/25,"香港弘立科技有限公司, Horizon Heights (沈晶瑋)",0.8,,根據一般授權配售新股份,PGO_00167_13/02/2026 19:35,56.0,全購事件20260831.csv,00167,IDT INT'L,2026-02-13,配售,,承配人,,,,,,,,,,,,,https://www1.hkexnews.hk/listedco/listconews/sehk/2026/0213/2026021301304_c.pdf,,MED,NO_NAMED_PLACEE
GO_08208_13/11/25,永通萬國控股有限公司 (劉煥金),8.3,0.0,關連交易有關根據特別授權認購新股份,PGO_08208_08/09/2026 21:42,57.0,全購事件20260831.csv,08208,永通萬國集團,2026-09-08,認購,,認購人A,中國中西醫結合教育集團有限公司,公司,執行董事劉楹棟先生,,,,,,,,,,https://www1.hkexnews.hk/listedco/listconews/gem/2026/0908/2026090801168_c.pdf,款載列如下： 日期 二零二六年九月八日 認購協議之訂約方 (i) 本公司（作為發行人）；及 (ii) 各認購人（作為認購人）。 認購人之資料 認購人 認購人A 中國中西醫結合教育集團有限公司，一間於香港註冊成立的有 限公司。除投資控股外，其業務包括提供中西醫結合教育，包 括教育諮詢、職業技能培訓，以及向學校和機構提供課程設計 方面的專業支援。 認購人B 中國力明產教融合集團有限公司，一間,,
GO_08208_13/11/25,永通萬國控股有限公司 (劉煥金),8.3,0.0,關連交易有關根據特別授權認購新股份,PGO_08208_08/09/2026 21:42,57.0,全購事件20260831.csv,08208,永通萬國集團,2026-09-08,認購,,認購人B,中國力明產教融合集團有限公司,公司,執行董事劉楹棟先生,,,,,,,,,,https://www1.hkexnews.hk/listedco/listconews/gem/2026/0908/2026090801168_c.pdf,於香港註冊成立的有 限公司。除投資控股外，其業務包括提供中西醫結合教育，包 括教育諮詢、職業技能培訓，以及向學校和機構提供課程設計 方面的專業支援。 認購人B 中國力明產教融合集團有限公司，一間於英屬處女群島註冊成 立的有限公司。除投資控股外，其業務以教育為導向，包括產 教融合人才培養、與大學及教育機構的海外學術合作、國際遊 學項目開發，以及健康養生康復職業教育投資。 據董事經作出一切,,
GO_02623_04/11/25,"SSC Group Limited (吳振興, 魏嘉明), 吳海淦",6.8,,完成根據一般授權配售新股份,PGO_02623_04/08/2026 19:36,58.0,全購事件20260831.csv,02623,香港黃金產業集團,2026-08-04,配售,,,,,,,,,,,,,,,https://www1.hkexnews.hk/listedco/listconews/sehk/2026/0804/2026080402000_c.pdf,,,NO_PLACEE_DEF
GO_02623_04/11/25,"SSC Group Limited (吳振興, 魏嘉明), 吳海淦",6.6,,更改供股所得款項用途； 有關根據一般授權配售新股份之補充公告； 及 本集團採礦業務之最新資料,PGO_02623_29/07/2026 17:58,58.0,全購事件20260831.csv,02623,香港黃金產業集團,2026-07-29,配售,,,,,,,,,,,,,,2026-04-14,https://www1.hkexnews.hk/listedco/listconews/sehk/2026/0729/2026072901025_c.pdf,,,NO_PLACEE_DEF
GO_02623_04/11/25,"SSC Group Limited (吳振興, 魏嘉明), 吳海淦",6.1,,延長有關根據一般授權配售新股份的完成日期,PGO_02623_14/07/2026 22:49,58.0,全購事件20260831.csv,02623,香港黃金產業集團,2026-07-14,配售,,,,,,,,,,,,,,,https://www1.hkexnews.hk/listedco/listconews/sehk/2026/0714/2026071401403_c.pdf,,,NO_PLACEE_DEF
GO_02623_04/11/25,"SSC Group Limited (吳振興, 魏嘉明), 吳海淦",5.3,,根據一般授權配售新股份,PGO_02623_18/06/2026 22:54,58.0,全購事件20260831.csv,02623,香港黃金產業集團,2026-06-18,配售,,承配人,,,,,,,,,,,,2026-03-30,https://www1.hkexnews.hk/listedco/listconews/sehk/2026/0618/2026061802289_c.pdf,,MED,NO_NAMED_PLACEE
GO_02623_04/11/25,"SSC Group Limited (吳振興, 魏嘉明), 吳海淦",1.5,,(1)須予披露交易 根據配售事項認購證券 及 (2)恢復買賣,PGO_02623_23/02/2026 22:58,58.0,全購事件20260831.csv,02623,香港黃金產業集團,2026-02-23,認購,,,,,,,,,,,,,,2026-02-25,https://www1.hkexnews.hk/listedco/listconews/sehk/2026/0223/2026022300885_c.pdf,,MED,NO_NAMED_PLACEE
GO_00643_24/10/25,"Zephyrus Capital Limited (孫邦桂), 曾俊豪",7.9,,進一步延長根據 一般性授權 配售新股份的配售期,PGO_00643_10/09/2026 19:18,61.0,全購事件20260831.csv,00643,恆富控股,2026-09-10,配售,,,,,,,,,,,,,,,https://www1.hkexnews.hk/listedco/listconews/sehk/2026/0910/2026091001392_c.pdf,,,NO_PLACEE_DEF
GO_00643_24/10/25,"Zephyrus Capital Limited (孫邦桂), 曾俊豪",7.4,,進一步延長根據 一般性授權 配售新股份的配售期,PGO_00643_27/08/2026 20:15,61.0,全購事件20260831.csv,00643,恆富控股,2026-08-27,配售,,,,,,,,,,,,,,,https://www1.hkexnews.hk/listedco/listconews/sehk/2026/0827/2026082701534_c.pdf,,,NO_PLACEE_DEF
GO_00643_24/10/25,"Zephyrus Capital Limited (孫邦桂), 曾俊豪",7.0,,補充公告 有關根據一般性授權配售新股份 及 恢復買賣,PGO_00643_14/08/2026 19:50,61.0,全購事件20260831.csv,00643,恆富控股,2026-08-14,配售,,,,,,,,,,,,,,,https://www1.hkexnews.hk/listedco/listconews/sehk/2026/0814/2026081401594_c.pdf,,,NO_PLACEE_DEF
GO_00643_24/10/25,"Zephyrus Capital Limited (孫邦桂), 曾俊豪",6.9,,進一步延長根據 一般性授權 配售新股份的配售期,PGO_00643_13/08/2026 19:44,61.0,全購事件20260831.csv,00643,恆富控股,2026-08-13,配售,,,,,,,,,,,,,,,https://www1.hkexnews.hk/listedco/listconews/sehk/2026/0813/2026081301297_c.pdf,,,NO_PLACEE_DEF
GO_00643_24/10/25,"Zephyrus Capital Limited (孫邦桂), 曾俊豪",6.5,,延長根據一般性授權配售新股份的配售期,PGO_00643_31/07/2026 22:08,61.0,全購事件20260831.csv,00643,恆富控股,2026-07-31,配售,,,,,,,,,,,,,,,https://www1.hkexnews.hk/listedco/listconews/sehk/2026/0731/2026073102048_c.pdf,,,NO_PLACEE_DEF
GO_00643_24/10/25,"Zephyrus Capital Limited (孫邦桂), 曾俊豪",6.1,,(1)內幕消息接獲聲稱由MARS WORLDWIDE HOLDINGS LIMITED發出之函件以及配售事項之最新進展(2)恢復買賣,PGO_00643_20/07/2026 08:05,61.0,全購事件20260831.csv,00643,恆富控股,2026-07-20,配售,,,,,,,,,,,,,,,https://www1.hkexnews.hk/listedco/listconews/sehk/2026/0720/2026072000130_c.pdf,,,NO_PLACEE_DEF
GO_08631_26/09/25,全堡集團有限公司 (羅名譯),1.8,,完成根據一般授權配售新股份,PGO_08631_29/01/2026 12:02,67.0,全購事件20260831.csv,08631,申港控股,2026-01-29,配售,,,,,,,,,,,,,,,https://www1.hkexnews.hk/listedco/listconews/gem/2026/0129/2026012900260_c.pdf,,,NO_PLACEE_DEF
GO_08631_26/09/25,全堡集團有限公司 (羅名譯),1.6,,有關根據一般授權配售新股份之補充公佈,PGO_08631_22/01/2026 20:21,67.0,全購事件20260831.csv,08631,申港控股,2026-01-22,配售,,,,,,,,,,,,,,,https://www1.hkexnews.hk/listedco/listconews/gem/2026/0122/2026012201056_c.pdf,,,NO_PLACEE_DEF
GO_08631_26/09/25,全堡集團有限公司 (羅名譯),1.4,,根據一般授權配售新股份,PGO_08631_16/01/2026 22:29,67.0,全購事件20260831.csv,08631,申港控股,2026-01-16,配售,,承配人,,,,,,,,,,,,,https://www1.hkexnews.hk/listedco/listconews/gem/2026/0116/2026011601778_c.pdf,,MED,NO_NAMED_PLACEE
GO_08507_23/09/25,三個蘋果產業控股集團 (香港) 有限公司 (吳奇峰),7.1,,根據按於記錄日期每持有一(1)股現有股份獲發一(1)股供股股份的基準進行供股申請認購供股股份及待進行補償安排之未獲認購供股股份及不合資格股東未售供股股份數目,PGO_08507_25/06/2026 18:30,69.0,全購事件20260831.csv,08507,愛世紀集團,2026-06-25,認購,,,,,,,,,,,,,,,https://www1.hkexnews.hk/listedco/listconews/gem/2026/0625/2026062501221_c.pdf,,,NO_PLACEE_DEF
GO_03928_10/08/25,萬疆資本有限公司 (王凱莉),5.0,,完成根據一般授權配售新股份,PGO_03928_25/02/2026 17:26,75.0,全購事件20260831.csv,03928,中國新零售供應鏈,2026-02-25,配售,,,,,,,,,,,,,,,https://www1.hkexnews.hk/listedco/listconews/sehk/2026/0225/2026022500477_c.pdf,,,NO_PLACEE_DEF
GO_03928_10/08/25,萬疆資本有限公司 (王凱莉),4.5,,根據一般授權配售新股份,PGO_03928_10/02/2026 20:31,75.0,全購事件20260831.csv,03928,中國新零售供應鏈,2026-02-10,配售,,承配人,,,,,,,,,,,,,https://www1.hkexnews.hk/listedco/listconews/sehk/2026/0210/2026021001079_c.pdf,,MED,NO_NAMED_PLACEE
GO_01079_05/08/25,MicroNova Limited (于偉),3.2,,完成根據一般授權配售新股份,PGO_01079_22/12/2025 19:30,77.0,全購事件20260831.csv,01079,松景科技,2025-12-22,配售,,,,,,,,,,,,,,,https://www1.hkexnews.hk/listedco/listconews/sehk/2025/1222/2025122201259_c.pdf,,,NO_PLACEE_DEF
GO_01079_05/08/25,MicroNova Limited (于偉),2.9,,有關根據一般授權配售新股份的補充公告,PGO_01079_12/12/2025 17:11,77.0,全購事件20260831.csv,01079,松景科技,2025-12-12,配售,,,,,,,,,,,,,,,https://www1.hkexnews.hk/listedco/listconews/sehk/2025/1212/2025121200769_c.pdf,,,NO_PLACEE_DEF
GO_01079_05/08/25,MicroNova Limited (于偉),2.6,,根據一般授權配售新股份,PGO_01079_04/12/2025 22:45,77.0,全購事件20260831.csv,01079,松景科技,2025-12-04,配售,,承配人,,,,,,,,,,,,,https://www1.hkexnews.hk/listedco/listconews/sehk/2025/1204/2025120402591_c.pdf,,MED,NO_NAMED_PLACEE
GO_00080_17/07/25,Longling Capital Ltd (蔡文勝),12.0,,完成關連交易－根據特別授權認購新股份,PGO_00080_28/08/2026 16:30,81.0,全購事件20260831.csv,00080,ＣＡＩ控股,2026-08-28,認購,,,,,,,,,,,,,,,https://www1.hkexnews.hk/listedco/listconews/sehk/2026/0828/2026082800424_c.pdf,,,NO_PLACEE_DEF
GO_00080_17/07/25,Longling Capital Ltd (蔡文勝),9.0,0.0,關連交易有關根據特別授權認購新股份,PGO_00080_29/05/2026 21:38,81.0,全購事件20260831.csv,00080,ＣＡＩ控股,2026-05-29,認購,,認購人,為一間於2009年5月15日在英屬處女群島註冊成立之投資控股有限公司,公司,,,,,,,,,,,https://www1.hkexnews.hk/listedco/listconews/sehk/2026/0529/2026052902729_c.pdf,投資產品組合（包括不同行業的上市及非上市證券以及其他投資，並以AI及Web3 領域為重點），以取得長期資本增值。於本公告日期，本公司並無任何附屬公司。 認購人為一間於2009年5月15日在英屬處女群島註冊成立之投資控股有限公司，其 全部已發行股本由蔡先生實益擁有。認購人主要在中國及其他國家從事資本投資 業務。 進行認購事項之理由及所得款項用途 所得款項用途 認購事項所得款項總額約為141.9百萬港,,
GO_00080_17/07/25,Longling Capital Ltd (蔡文勝),3.6,,(1)須予披露及關連交易有關建議收購兩間目標公司之股權而涉及根據特別授權發行代價股份；及(2)建議採納2025年股份計劃,PGO_00080_17/12/2025 19:48,81.0,全購事件20260831.csv,00080,ＣＡＩ控股,2025-12-17,(1)須予披露及關連交易有關建議收購兩間,,,,,,,,,,,,,,,https://www1.hkexnews.hk/listedco/listconews/sehk/2025/1217/2025121701329_c.pdf,,MED,NO_NAMED_PLACEE
GO_02312_24/06/25,Longling Capital Ltd (蔡文勝),2.1,,完成根據一般授權認購新股份,PGO_02312_22/10/2025 16:30,85.0,全購事件20260831.csv,02312,ＬＯＮＧ投資集團,2025-10-22,認購,,,,,,,,,,,,,,,https://www1.hkexnews.hk/listedco/listconews/sehk/2025/1022/2025102200247_c.pdf,,,NO_PLACEE_DEF
GO_02312_24/06/25,Longling Capital Ltd (蔡文勝),1.6,0.0,根據一般授權認購新股份,PGO_02312_05/10/2025 19:04,85.0,全購事件20260831.csv,02312,ＬＯＮＧ投資集團,2025-10-05,認購,,認購人,Innoval Capital,公司,金鑫先生,,,,,,,,,,https://www1.hkexnews.hk/listedco/listconews/sehk/2025/1005/2025100500092_c.pdf,市之聯交所上市 委員會 「上市規則」 指 聯交所證券上市規則 「股份」 指 本公司股本中每股面值0.04港元之普通股 「股東」 指 股份持有人 「認購人」 指 Innoval Capital Holding Limited，一間於英屬 維爾京群島註冊成立之公司，其全部已發行 股本由金鑫先生持有 「認購事項」 指 認購人按認購價認購認購股份 「認購協議」 指 認購人與本公司就認購事項而訂立,,
GO_01747_24/06/25,Meta-Wisdom Tech Limited (楊豪放),3.6,,完成根據一般授權配售新股份,PGO_01747_25/11/2025 17:59,86.0,全購事件20260831.csv,01747,HOME CONTROL,2025-11-25,配售,,,,,,,,,,,,,,2025-11-25,https://www1.hkexnews.hk/listedco/listconews/sehk/2025/1125/2025112500857_c.pdf,,,NO_PLACEE_DEF
GO_01747_24/06/25,Meta-Wisdom Tech Limited (楊豪放),3.4,,根據一般授權配售新股份,PGO_01747_18/11/2025 06:05,86.0,全購事件20260831.csv,01747,HOME CONTROL,2025-11-18,配售,,承配人,,,,,,,,,,,,,https://www1.hkexnews.hk/listedco/listconews/sehk/2025/1118/2025111800004_c.pdf,,MED,NO_NAMED_PLACEE
GO_02350_12/06/25,QH Technology Holdings Limited (閆威),11.0,,供股股份之有效接納結果及按每持有五(5)股股份獲發兩(2)股供股股份及每股供股股份0.275港元之基準進行供股的補償安排涉及之未獲認購供股股份及不合資格股東未售供股股份數目,PGO_02350_14/07/2026 16:53,88.0,全購事件20260831.csv,02350,數科集團,2026-07-14,認購,,,,,,,,,,,,,,,https://www1.hkexnews.hk/listedco/listconews/sehk/2026/0714/2026071400298_c.pdf,,,NO_PLACEE_DEF
GO_01728_28/05/25,信達汽車 (香港) 有限公司,12.0,,根據特別授權配售新股份,PGO_01728_30/06/2026 21:15,90.0,全購事件20260831.csv,01728,正通汽車,2026-06-30,配售,,承配人,,,,,,,,,,,,,https://www1.hkexnews.hk/listedco/listconews/sehk/2026/0630/2026063002748_c.pdf,,MED,NO_NAMED_PLACEE
GO_01728_28/05/25,信達汽車 (香港) 有限公司,14.0,,根據特別授權配售新股份之最後截止日期延長,PGO_01728_31/08/2026 19:32,90.0,全購事件20260831.csv,01728,正通汽車,2026-08-31,配售,,,,,,,,,,,,,,,https://www1.hkexnews.hk/listedco/listconews/sehk/2026/0831/2026083101819_c.pdf,,,NO_PLACEE_DEF
GO_01712_19/05/25,Wah Cheong Development (B.V.I.) Limited (聯合集團 - HKEX 0373),1.7,,完成根據一般授權配售新股份,PGO_01712_22/09/2025 17:45,91.0,全購事件20260831.csv,01712,龍資源,2025-09-22,配售,,,,,,,,,,,,,,2025-09-22,https://www1.hkexnews.hk/listedco/listconews/sehk/2025/0922/2025092201079_c.pdf,,,NO_PLACEE_DEF
GO_01712_19/05/25,Wah Cheong Development (B.V.I.) Limited (聯合集團 - HKEX 0373),1.2,,根據一般授權配售新股份,PGO_01712_08/09/2025 22:08,91.0,全購事件20260831.csv,01712,龍資源,2025-09-08,配售,,承配人,,,,,,,,,,,,,https://www1.hkexnews.hk/listedco/listconews/sehk/2025/0908/2025090801253_c.pdf,,MED,NO_NAMED_PLACEE
GO_00223_14/05/25,中國創新投資有限公司 (HKEX: 1217),3.7,,完成根據特別授權配售新股份,PGO_00223_29/04/2026 21:15,92.0,全購事件20260831.csv,00223,易生活控股,2026-04-29,配售,,,,,,,,,,,,,,2026-04-29,https://www1.hkexnews.hk/listedco/listconews/sehk/2026/0429/2026042905005_c.pdf,,,NO_PLACEE_DEF
GO_00223_14/05/25,中國創新投資有限公司 (HKEX: 1217),3.4,,進一步延長根據特別授權配售新股份之最後截止日期,PGO_00223_20/04/2026 18:58,92.0,全購事件20260831.csv,00223,易生活控股,2026-04-20,配售,,,,,,,,,,,,,,,https://www1.hkexnews.hk/listedco/listconews/sehk/2026/0420/2026042001243_c.pdf,,,NO_PLACEE_DEF
GO_00223_14/05/25,中國創新投資有限公司 (HKEX: 1217),2.6,,延長根據特別授權配售新股份之最後截止日期,PGO_00223_26/03/2026 20:56,92.0,全購事件20260831.csv,00223,易生活控股,2026-03-26,配售,,,,,,,,,,,,,,,https://www1.hkexnews.hk/listedco/listconews/sehk/2026/0326/2026032601875_c.pdf,,,NO_PLACEE_DEF
GO_00223_14/05/25,中國創新投資有限公司 (HKEX: 1217),0.3,,有關配售新股份之澄清公佈,PGO_00223_13/01/2026 07:47,92.0,全購事件20260831.csv,00223,易生活控股,2026-01-13,配售,,,,,,,,,,,,,,,https://www1.hkexnews.hk/listedco/listconews/sehk/2026/0113/2026011300020_c.pdf,,,NO_PLACEE_DEF
GO_00223_14/05/25,中國創新投資有限公司 (HKEX: 1217),0.2,,根據一般授權配售新股份,PGO_00223_12/01/2026 07:40,92.0,全購事件20260831.csv,00223,易生活控股,2026-01-12,配售,,承配人,,,,,,,,,,,,,https://www1.hkexnews.hk/listedco/listconews/sehk/2026/0112/2026011200044_c.pdf,,MED,NO_NAMED_PLACEE
GO_01939_02/05/25,Essa Financial Group Ltd (黃仕坤),4.6,,完成根據一般授權配售新股份,PGO_01939_06/11/2025 19:18,94.0,全購事件20260831.csv,01939,上善黃金,2025-11-06,配售,,,,,,,,,,,,,,,https://www1.hkexnews.hk/listedco/listconews/sehk/2025/1106/2025110601755_c.pdf,,,NO_PLACEE_DEF
GO_01939_02/05/25,Essa Financial Group Ltd (黃仕坤),4.0,,有關根據一般授權配售新股份的補充公告,PGO_01939_20/10/2025 22:57,94.0,全購事件20260831.csv,01939,上善黃金,2025-10-20,配售,,,,,,,,,,,,,,,https://www1.hkexnews.hk/listedco/listconews/sehk/2025/1020/2025102001629_c.pdf,,,NO_PLACEE_DEF
GO_01939_02/05/25,Essa Financial Group Ltd (黃仕坤),3.4,,根據一般授權配售新股份,PGO_01939_30/09/2025 08:25,94.0,全購事件20260831.csv,01939,上善黃金,2025-09-30,配售,,承配人,,,,,,,,,,,,,https://www1.hkexnews.hk/listedco/listconews/sehk/2025/0930/2025093000222_c.pdf,,MED,NO_NAMED_PLACEE
GO_06113_15/04/25,CoreVest Holdings Limited (羅祖春),0.6,,(1)授出豁免嚴格遵守 上市規則第8.08 (1) (A)條及13.32 (1)條；及 (2)委任配售代理,PGO_06113_30/06/2025 20:17,99.0,全購事件20260831.csv,06113,比特策略,2025-06-30,配售,,,,,,,,,,,,,,,https://www1.hkexnews.hk/listedco/listconews/sehk/2025/0630/2025063003337_c.pdf,,,NO_PLACEE_DEF
GO_01943_02/04/25,嘉能時代國際貿易有限公司,11.7,,完成根據一般授權配售新股份,PGO_01943_21/07/2026 17:07,100.0,全購事件20260831.csv,01943,金石控股集團,2026-07-21,配售,,,,,,,,,,,,,,2026-07-21,https://www1.hkexnews.hk/listedco/listconews/sehk/2026/0721/2026072100451_c.pdf,,,NO_PLACEE_DEF
GO_01943_02/04/25,嘉能時代國際貿易有限公司,10.8,,根據一般授權配售新股份,PGO_01943_25/06/2026 20:44,100.0,全購事件20260831.csv,01943,金石控股集團,2026-06-25,配售,,承配人,,,,,,,,,,,,,https://www1.hkexnews.hk/listedco/listconews/sehk/2026/0625/2026062501770_c.pdf,,MED,NO_NAMED_PLACEE
GO_01943_02/04/25,嘉能時代國際貿易有限公司,2.5,,完成根據一般授權配售新股份,PGO_01943_14/10/2025 18:04,100.0,全購事件20260831.csv,01943,金石控股集團,2025-10-14,配售,,,,,,,,,,,,,,2025-10-14,https://www1.hkexnews.hk/listedco/listconews/sehk/2025/1014/2025101400753_c.pdf,,,NO_PLACEE_DEF
GO_01943_02/04/25,嘉能時代國際貿易有限公司,1.8,,根據一般授權配售新股份進一步延長最後截止日期,PGO_01943_25/09/2025 19:01,100.0,全購事件20260831.csv,01943,金石控股集團,2025-09-25,配售,,,,,,,,,,,,,,,https://www1.hkexnews.hk/listedco/listconews/sehk/2025/0925/2025092501612_c.pdf,,,NO_PLACEE_DEF
GO_01943_02/04/25,嘉能時代國際貿易有限公司,1.5,,根據一般授權配售新股份延長最後截止日期、修訂配售價及更新所得款項用途,PGO_01943_16/09/2025 19:42,100.0,全購事件20260831.csv,01943,金石控股集團,2025-09-16,配售,,,,,,,,,,,,,,,https://www1.hkexnews.hk/listedco/listconews/sehk/2025/0916/2025091601249_c.pdf,,,NO_PLACEE_DEF
GO_01943_02/04/25,嘉能時代國際貿易有限公司,1.2,,根據一般授權配售新股份,PGO_01943_05/09/2025 22:46,100.0,全購事件20260831.csv,01943,金石控股集團,2025-09-05,配售,,承配人,,,,,,,,,,,,,https://www1.hkexnews.hk/listedco/listconews/sehk/2025/0905/2025090501529_c.pdf,,MED,NO_NAMED_PLACEE
GO_00372_02/04/25,Marching Great Limited (程民駿),5.2,,內幕消息公佈 - 有關可能認購事項之諒解備忘錄,PGO_00372_11/11/2025 22:28,101.0,全購事件20260831.csv,00372,保德國際發展,2025-11-11,認購,,,,,,,,,,,,,,,https://www1.hkexnews.hk/listedco/listconews/sehk/2025/1111/2025111101683_c.pdf,,,NO_PLACEE_DEF
GO_01712_01/04/25,Allied Properties Resources Limited (亞太資源 - HKEX 1104),5.7,,完成根據一般授權配售新股份,PGO_01712_22/09/2025 17:45,102.0,全購事件20260831.csv,01712,龍資源,2025-09-22,配售,,,,,,,,,,,,,,2025-09-22,https://www1.hkexnews.hk/listedco/listconews/sehk/2025/0922/2025092201079_c.pdf,,,NO_PLACEE_DEF
GO_01712_01/04/25,Allied Properties Resources Limited (亞太資源 - HKEX 1104),5.3,,根據一般授權配售新股份,PGO_01712_08/09/2025 22:08,102.0,全購事件20260831.csv,01712,龍資源,2025-09-08,配售,,承配人,,,,,,,,,,,,,https://www1.hkexnews.hk/listedco/listconews/sehk/2025/0908/2025090801253_c.pdf,,MED,NO_NAMED_PLACEE
GO_01985_20/03/25,"Weiye Holdings Group Limited (王廣波 - 董事會主席, 主要股東)",15.1,,完成根據一般授權配售新股份,PGO_01985_04/09/2026 19:20,104.0,全購事件20260831.csv,01985,美高域,2026-09-04,配售,,,,,,,,,,,,,,2026-09-04,https://www1.hkexnews.hk/listedco/listconews/sehk/2026/0904/2026090402020_c.pdf,,,NO_PLACEE_DEF
GO_01985_20/03/25,"Weiye Holdings Group Limited (王廣波 - 董事會主席, 主要股東)",14.5,,進一步延後有關根據一般授權配售新股份的截止日期,PGO_01985_17/08/2026 18:44,104.0,全購事件20260831.csv,01985,美高域,2026-08-17,配售,,,,,,,,,,,,,,,https://www1.hkexnews.hk/listedco/listconews/sehk/2026/0817/2026081701302_c.pdf,,,NO_PLACEE_DEF
GO_01985_20/03/25,"Weiye Holdings Group Limited (王廣波 - 董事會主席, 主要股東)",13.7,,延後有關根據一般授權配售新股份的截止日期,PGO_01985_23/07/2026 19:14,104.0,全購事件20260831.csv,01985,美高域,2026-07-23,配售,,,,,,,,,,,,,,,https://www1.hkexnews.hk/listedco/listconews/sehk/2026/0723/2026072301243_c.pdf,,,NO_PLACEE_DEF
GO_01985_20/03/25,"Weiye Holdings Group Limited (王廣波 - 董事會主席, 主要股東)",13.1,0.0,根據一般授權配售新股份,PGO_01985_06/07/2026 22:10,104.0,全購事件20260831.csv,01985,美高域,2026-07-06,配售,,承配人,Weiye Holdings,公司,,,,,,,,,,,https://www1.hkexnews.hk/listedco/listconews/sehk/2026/0706/2026070602114_c.pdf,"配售及假設於本公告日期至配售事項完成日期期間本公司之已發行股本並無其他 變動）之股權架構： 股東 於本公告日期 緊隨配售事項完成後 股份數目 % 股份數目 % Weiye Holdings Group Limited （附註1） 168,587,400 56.20 168,587,400 51.09 王植先生（附註2） 1,500,000 0.50 1,500,000 0.45 戴斌先",,
GO_08635_18/03/25,永續控股有限公司 (狄小光),2.8,,完成根據一般授權配售新股份,PGO_08635_22/07/2025 22:05,105.0,全購事件20260831.csv,08635,大象控股集團,2025-07-22,配售,,,,,,,,,,,,,,,https://www1.hkexnews.hk/listedco/listconews/gem/2025/0722/2025072201069_c.pdf,,,NO_PLACEE_DEF
GO_08635_18/03/25,永續控股有限公司 (狄小光),2.6,,有關根據一般授權配售新股份的補充公告,PGO_08635_17/07/2025 22:32,105.0,全購事件20260831.csv,08635,大象控股集團,2025-07-17,配售,,,,,,,,,,,,,,,https://www1.hkexnews.hk/listedco/listconews/gem/2025/0717/2025071701205_c.pdf,,,NO_PLACEE_DEF
GO_08635_18/03/25,永續控股有限公司 (狄小光),2.1,,根據一般授權配售新股份,PGO_08635_02/07/2025 21:18,105.0,全購事件20260831.csv,08635,大象控股集團,2025-07-02,配售,,承配人,,,,,,,,,,,,,https://www1.hkexnews.hk/listedco/listconews/gem/2025/0702/2025070203956_c.pdf,,MED,NO_NAMED_PLACEE
GO_08635_18/03/25,永續控股有限公司 (狄小光),15.9,,完成根據一般授權配售新股份,PGO_08635_25/08/2026 17:17,105.0,全購事件20260831.csv,08635,大象控股集團,2026-08-25,配售,,,,,,,,,,,,,,,https://www1.hkexnews.hk/listedco/listconews/gem/2026/0825/2026082500743_c.pdf,,,NO_PLACEE_DEF
GO_08635_18/03/25,永續控股有限公司 (狄小光),15.7,,有關根據一般授權配售新股份的補充公告,PGO_08635_19/08/2026 19:30,105.0,全購事件20260831.csv,08635,大象控股集團,2026-08-19,配售,,,,,,,,,,,,,,,https://www1.hkexnews.hk/listedco/listconews/gem/2026/0819/2026081901236_c.pdf,,,NO_PLACEE_DEF
GO_08635_18/03/25,永續控股有限公司 (狄小光),15.0,,根據一般授權配售新股份,PGO_08635_31/07/2026 22:48,105.0,全購事件20260831.csv,08635,大象控股集團,2026-07-31,配售,,承配人,,,,,,,,,,,,,https://www1.hkexnews.hk/listedco/listconews/gem/2026/0731/2026073102264_c.pdf,,MED,NO_NAMED_PLACEE
GO_02440_24/01/25,Home Office Development Limited (陳展程),8.7,,完成根據一般授權認購新股份,PGO_02440_19/12/2025 22:00,110.0,全購事件20260831.csv,02440,迷策略,2025-12-19,認購,,,,,,,,,,,,,,,https://www1.hkexnews.hk/listedco/listconews/sehk/2025/1219/2025121902120_c.pdf,,,NO_PLACEE_DEF
GO_02440_24/01/25,Home Office Development Limited (陳展程),8.3,,補充公告 根據一般授權認購新股份,PGO_02440_05/12/2025 22:00,110.0,全購事件20260831.csv,02440,迷策略,2025-12-05,認購,,,,,,,,,,,,,,,https://www1.hkexnews.hk/listedco/listconews/sehk/2025/1205/2025120501750_c.pdf,,,NO_PLACEE_DEF
GO_02440_24/01/25,Home Office Development Limited (陳展程),7.6,0.0,根據一般授權認購新股份,PGO_02440_14/11/2025 22:00,110.0,全購事件20260831.csv,02440,迷策略,2025-11-14,認購,,認購人A,林雍先生,個人,,,,,,,,,,,https://www1.hkexnews.hk/listedco/listconews/sehk/2025/1114/2025111401545_c.pdf,"有關本公司的資料 本集團主要從事科技行業，專門為物聯網、電信及其他創新技術驅動領域開發硬 件及軟件。 7 有關認購人的資料 各認購人均為個人投資者。認購人A為林雍先生。認購人B為XU Rong Wang (Ander TSUI)先生。認購人C為陳思翰先生。認購人D為馮澤輝先生。認購人E為 余子雷先生。於本公告日期，認購人D於365,000股股份（相當於本公司已發行",,
GO_02440_24/01/25,Home Office Development Limited (陳展程),7.6,0.0,根據一般授權認購新股份,PGO_02440_14/11/2025 22:00,110.0,全購事件20260831.csv,02440,迷策略,2025-11-14,認購,,認購人C,陳思翰先生,個人,,,,,,,,,,,https://www1.hkexnews.hk/listedco/listconews/sehk/2025/1114/2025111401545_c.pdf,"發硬 件及軟件。 7 有關認購人的資料 各認購人均為個人投資者。認購人A為林雍先生。認購人B為XU Rong Wang (Ander TSUI)先生。認購人C為陳思翰先生。認購人D為馮澤輝先生。認購人E為 余子雷先生。於本公告日期，認購人D於365,000股股份（相當於本公司已發行股 份約0.10%）中擁有權益，認購人E於8,800,965股股份（相當於本公司已發行股",,
GO_02440_24/01/25,Home Office Development Limited (陳展程),7.6,0.0,根據一般授權認購新股份,PGO_02440_14/11/2025 22:00,110.0,全購事件20260831.csv,02440,迷策略,2025-11-14,認購,,認購人D,馮澤輝先生,個人,,,,,,,,,,,https://www1.hkexnews.hk/listedco/listconews/sehk/2025/1114/2025111401545_c.pdf,"有關認購人的資料 各認購人均為個人投資者。認購人A為林雍先生。認購人B為XU Rong Wang (Ander TSUI)先生。認購人C為陳思翰先生。認購人D為馮澤輝先生。認購人E為 余子雷先生。於本公告日期，認購人D於365,000股股份（相當於本公司已發行股 份約0.10%）中擁有權益，認購人E於8,800,965股股份（相當於本公司已發行股份 約2.39%）中擁",,
GO_02440_24/01/25,Home Office Development Limited (陳展程),7.6,0.0,根據一般授權認購新股份,PGO_02440_14/11/2025 22:00,110.0,全購事件20260831.csv,02440,迷策略,2025-11-14,認購,,認購人E,余子雷先生,個人,,,,,,,,,,,https://www1.hkexnews.hk/listedco/listconews/sehk/2025/1114/2025111401545_c.pdf,"人均為個人投資者。認購人A為林雍先生。認購人B為XU Rong Wang (Ander TSUI)先生。認購人C為陳思翰先生。認購人D為馮澤輝先生。認購人E為 余子雷先生。於本公告日期，認購人D於365,000股股份（相當於本公司已發行股 份約0.10%）中擁有權益，認購人E於8,800,965股股份（相當於本公司已發行股份 約2.39%）中擁有權益。 據董事經作出一",,
GO_01920_23/01/25,中國創投聯合會有限公司 (周振林 - 董事會主席),11.5,,有關根據特別授權認購及發行新股份之關連交易完成,PGO_01920_14/04/2026 12:01,111.0,全購事件20260831.csv,01920,巨美集團,2026-04-14,認購,,,,,,,,,,,,,,2026-04-13,https://www1.hkexnews.hk/listedco/listconews/sehk/2026/0414/2026041400080_c.pdf,,MED,NO_NAMED_PLACEE
GO_01920_23/01/25,中國創投聯合會有限公司 (周振林 - 董事會主席),6.4,0.0,關連交易 - 關連人士根據特別授權認購新股份,PGO_01920_10/11/2025 22:19,111.0,全購事件20260831.csv,01920,巨美集團,2025-11-10,認購,,認購人,China Alliance Venture Technology Limited,公司,,,,,,,,,,,https://www1.hkexnews.hk/listedco/listconews/sehk/2025/1110/2025111001236_c.pdf,人 「特別授權」 指 將於股東特別大會上尋求獨立股東授出之 特別授權，以授權董事局配發及發行認購股 份 「聯交所」 指 香港聯合交易所有限公司 「認購人」 指 China Alliance Venture Technology Limited， 一 間於香港註冊成立的公司，由周先生直接全 資擁有 – 12 – 「認購事項」 指 認購人根據認購協議之條款並在其條件約 束下認購認購股份 「認購協議」 ,,
GO_01920_23/01/25,中國創投聯合會有限公司 (周振林 - 董事會主席),1.8,,完成根據一般授權配售新股份,PGO_01920_24/06/2025 18:15,111.0,全購事件20260831.csv,01920,巨美集團,2025-06-24,配售,,,,,,,,,,,,,,2025-06-24,https://www1.hkexnews.hk/listedco/listconews/sehk/2025/0624/2025062400697_c.pdf,,,NO_PLACEE_DEF
GO_01920_23/01/25,中國創投聯合會有限公司 (周振林 - 董事會主席),1.1,1.0,根據一般授權 配售新股份,PGO_01920_04/06/2025 06:13,111.0,全購事件20260831.csv,01920,巨美集團,2025-06-04,配售,,承配人,行董事周振林先生,個人,,,,,,,,,,,https://www1.hkexnews.hk/listedco/listconews/sehk/2025/0604/2025060400008_c.pdf,"9 112,909,000 30.16 總計 312,000,000 100.00 374,400,000 100.00 附註： 1. 中國創投由董事局主席兼執行董事周振林先生實益全資擁有。周振林先生被視為於中國創 投持有的所有股份中擁有權益。 2. 上述百分比數字已經約整。 由於配售完成須待配售協議所載條件獲達成後，方告作實，故配售可能會或可 能不會落實進行。股東及潛在投",,
GO_01920_23/01/25,中國創投聯合會有限公司 (周振林 - 董事會主席),13.9,,完成根據一般授權配售新股份,PGO_01920_26/06/2026 20:18,111.0,全購事件20260831.csv,01920,巨美集團,2026-06-26,配售,,,,,,,,,,,,,,,https://www1.hkexnews.hk/listedco/listconews/sehk/2026/0626/2026062602076_c.pdf,,,NO_PLACEE_DEF
GO_01920_23/01/25,中國創投聯合會有限公司 (周振林 - 董事會主席),13.6,,關於配售新股份之澄清公告,PGO_01920_17/06/2026 22:21,111.0,全購事件20260831.csv,01920,巨美集團,2026-06-17,配售,,,,,,,,,,,,,,,https://www1.hkexnews.hk/listedco/listconews/sehk/2026/0617/2026061701839_c.pdf,,,NO_PLACEE_DEF
GO_01723_20/01/25,"210K Capital LP, Sora Valkyrie Limited, Top Legend SPC, 恒達投資有限公司",11.2,,有關認購基金權益的須予披露及關連交易之補充公告,PGO_01723_11/02/2026 20:48,112.0,全購事件20260831.csv,01723,恆月控股,2026-02-11,認購,,,,,,,,,,,,,,2025-08-26,https://www1.hkexnews.hk/listedco/listconews/sehk/2026/0211/2026021100955_c.pdf,,,NO_PLACEE_DEF
GO_01723_20/01/25,"210K Capital LP, Sora Valkyrie Limited, Top Legend SPC, 恒達投資有限公司",8.4,0.0,有關額外認購基金權益的關連交易,PGO_01723_17/11/2025 21:35,112.0,全購事件20260831.csv,01723,恆月控股,2025-11-17,認購,,認購人,Moon Investment,公司,,,,,,,,,,2025-11-18,https://www1.hkexnews.hk/listedco/listconews/sehk/2025/1117/2025111701499_c.pdf,，一間於二零二四年十一月十五 日在英屬處女群島註冊成立的有限公司，由Sora Ventures全資擁有 「聯交所」 指 香港聯合交易所有限公司 「認購人」 指 Moon Investment Korea Limited，一間根據大韓民國法 律註冊成立的法人團體，為本公司之直接全資附屬公 司 「認購協議」 指 認購人與基金管理人於二零二五年十一月十七日訂立 的認購協議，據此，認購人同意根據,,
GO_01723_20/01/25,"210K Capital LP, Sora Valkyrie Limited, Top Legend SPC, 恒達投資有限公司",5.4,,有關認購基金權益的須予披露及關連交易,PGO_01723_17/08/2025 19:30,112.0,全購事件20260831.csv,01723,恆月控股,2025-08-17,認購,,,,,,,,,,,,,,,https://www1.hkexnews.hk/listedco/listconews/sehk/2025/0817/2025081700040_c.pdf,,MED,NO_NAMED_PLACEE
GO_01723_20/01/25,"210K Capital LP, Sora Valkyrie Limited, Top Legend SPC, 恒達投資有限公司",2.5,,完成公告 完成認購協議及根據特別授權發行可轉換票據,PGO_01723_23/05/2025 20:45,112.0,全購事件20260831.csv,01723,恆月控股,2025-05-23,認購,,,,,,,,,,,,,,,https://www1.hkexnews.hk/listedco/listconews/sehk/2025/0523/2025052301542_c.pdf,,,NO_PLACEE_DEF
GO_08375_05/12/24,Super Date Co Ltd (郭凡),11.4,,根據一般授權配售新股份,PGO_08375_29/12/2025 21:51,119.0,全購事件20260831.csv,08375,數盟資本,2025-12-29,配售,,承配人,,,,,,,,,,,,,https://www1.hkexnews.hk/listedco/listconews/gem/2025/1229/2025122901918_c.pdf,,MED,NO_NAMED_PLACEE
GO_08375_05/12/24,Super Date Co Ltd (郭凡),12.1,,(1)完成根據一般授權配售新股份； (2)有關所得款項用途之補充資料； 及 (3)業務最新情況,PGO_08375_21/01/2026 20:35,119.0,全購事件20260831.csv,08375,數盟資本,2026-01-21,配售,,,,,,,,,,,,,,,https://www1.hkexnews.hk/listedco/listconews/gem/2026/0121/2026012100886_c.pdf,,,NO_PLACEE_DEF
GO_01310_02/12/24,中國移動 (HKEX: 941),0.1,,自願公告 （1）中移香港配售本公司現有股份 （2）公眾持股量之最新情況,PGO_01310_21/09/2025 19:55,121.0,全購事件20260831.csv,01310,香港寬頻,2025-09-21,配售,,,,,,,,,,,,,,2025-09-24,https://www1.hkexnews.hk/listedco/listconews/sehk/2025/0921/2025092100038_c.pdf,,,NO_PLACEE_DEF
GO_00223_01/11/24,陳妙娉,9.7,,有關配售新股份之澄清公佈,PGO_00223_13/01/2026 07:47,123.0,全購事件20260831.csv,00223,易生活控股,2026-01-13,配售,,,,,,,,,,,,,,,https://www1.hkexnews.hk/listedco/listconews/sehk/2026/0113/2026011300020_c.pdf,,,NO_PLACEE_DEF
GO_00223_01/11/24,陳妙娉,9.6,,根據一般授權配售新股份,PGO_00223_12/01/2026 07:40,123.0,全購事件20260831.csv,00223,易生活控股,2026-01-12,配售,,承配人,,,,,,,,,,,,,https://www1.hkexnews.hk/listedco/listconews/sehk/2026/0112/2026011200044_c.pdf,,MED,NO_NAMED_PLACEE
GO_00223_01/11/24,陳妙娉,13.1,,完成根據特別授權配售新股份,PGO_00223_29/04/2026 21:15,123.0,全購事件20260831.csv,00223,易生活控股,2026-04-29,配售,,,,,,,,,,,,,,2026-04-29,https://www1.hkexnews.hk/listedco/listconews/sehk/2026/0429/2026042905005_c.pdf,,,NO_PLACEE_DEF
GO_00223_01/11/24,陳妙娉,12.8,,進一步延長根據特別授權配售新股份之最後截止日期,PGO_00223_20/04/2026 18:58,123.0,全購事件20260831.csv,00223,易生活控股,2026-04-20,配售,,,,,,,,,,,,,,,https://www1.hkexnews.hk/listedco/listconews/sehk/2026/0420/2026042001243_c.pdf,,,NO_PLACEE_DEF
GO_00223_01/11/24,陳妙娉,12.0,,延長根據特別授權配售新股份之最後截止日期,PGO_00223_26/03/2026 20:56,123.0,全購事件20260831.csv,00223,易生活控股,2026-03-26,配售,,,,,,,,,,,,,,,https://www1.hkexnews.hk/listedco/listconews/sehk/2026/0326/2026032601875_c.pdf,,,NO_PLACEE_DEF
GO_01153_27/10/24,Linkto Tech Limited (高遠蘭),15.7,,根據一般授權完成配售新股份,PGO_01153_24/04/2026 17:41,124.0,全購事件20260831.csv,01153,佳源服務,2026-04-24,配售,,,,,,,,,,,,,,,https://www1.hkexnews.hk/listedco/listconews/sehk/2026/0424/2026042401952_c.pdf,,,NO_PLACEE_DEF
GO_01153_27/10/24,Linkto Tech Limited (高遠蘭),15.4,,根據一般授權配售新股份,PGO_01153_15/04/2026 21:05,124.0,全購事件20260831.csv,01153,佳源服務,2026-04-15,配售,,承配人,,,,,,,,,,,,,https://www1.hkexnews.hk/listedco/listconews/sehk/2026/0415/2026041501401_c.pdf,,MED,NO_NAMED_PLACEE
GO_08631_16/09/24,香港裕豐昌有限公司 (王新龍),14.3,,完成根據一般授權配售新股份,PGO_08631_29/01/2026 12:02,129.0,全購事件20260831.csv,08631,申港控股,2026-01-29,配售,,,,,,,,,,,,,,,https://www1.hkexnews.hk/listedco/listconews/gem/2026/0129/2026012900260_c.pdf,,,NO_PLACEE_DEF
GO_08631_16/09/24,香港裕豐昌有限公司 (王新龍),14.0,,有關根據一般授權配售新股份之補充公佈,PGO_08631_22/01/2026 20:21,129.0,全購事件20260831.csv,08631,申港控股,2026-01-22,配售,,,,,,,,,,,,,,,https://www1.hkexnews.hk/listedco/listconews/gem/2026/0122/2026012201056_c.pdf,,,NO_PLACEE_DEF
GO_08631_16/09/24,香港裕豐昌有限公司 (王新龍),13.8,,根據一般授權配售新股份,PGO_08631_16/01/2026 22:29,129.0,全購事件20260831.csv,08631,申港控股,2026-01-16,配售,,承配人,,,,,,,,,,,,,https://www1.hkexnews.hk/listedco/listconews/gem/2026/0116/2026011601778_c.pdf,,MED,NO_NAMED_PLACEE
GO_00193_03/09/24,CEDARWOOD VENTURES LIMITED (蕭麗娜),5.8,,完成根據一般授權配售新股份,PGO_00193_28/02/2025 19:22,130.0,全購事件20260831.csv,00193,冠中地產,2025-02-28,配售,,,,,,,,,,,,,,2025-02-28,https://www1.hkexnews.hk/listedco/listconews/sehk/2025/0228/2025022801366_c.pdf,,,NO_PLACEE_DEF
GO_00193_03/09/24,CEDARWOOD VENTURES LIMITED (蕭麗娜),5.1,0.0,根據一般授權配售新股份,PGO_00193_06/02/2025 18:49,130.0,全購事件20260831.csv,00193,冠中地產,2025-02-06,配售,,承配人,會主席蕭麗娜女士,個人,,,,,,,,,,,https://www1.hkexnews.hk/listedco/listconews/sehk/2025/0206/2025020601552_c.pdf,"0 233,202,559 100.00 附註： 1. Cedarwood Ventures Limited及Nichrome Limited均由執行董事及董事會主席蕭麗娜女士全資 實益擁有。 釋義 於本公告內，除文義另有所指外，下列詞彙具有下文賦予該詞的涵義： 「董事會」 指 董事會 「營業日」 指 香港銀行一般開門營業的任何日子（星期六、星期 日或公眾假期除外） 「本公",,
GO_08148_14/08/24,劉冠州,12.0,,完成根據一般授權配售新股份,PGO_08148_24/09/2025 16:31,131.0,全購事件20260831.csv,08148,悟喜生活,2025-09-24,配售,,,,,,,,,,,,,,,https://www1.hkexnews.hk/listedco/listconews/gem/2025/0924/2025092400441_c.pdf,,MED,NO_NAMED_PLACEE
GO_08148_14/08/24,劉冠州,11.1,0.0,根據一般授權配售新股份,PGO_08148_29/08/2025 21:39,131.0,全購事件20260831.csv,08148,悟喜生活,2025-08-29,配售,,承配人,劉冠州先生,個人,,,,,,,,,,,https://www1.hkexnews.hk/listedco/listconews/gem/2025/0829/2025082903303_c.pdf,"配售事項完成後的股權架構如下： 股東姓名╱名稱 於本公佈日期 緊隨配售事項完成後 股份數目 概約百分比 股份數目 概約百分比 （附註2） （附註2） 主要股東 劉冠州先生（附註1） 219,729,750 57.55 219,729,750 47.96 公眾股東 承配人 – – 76,358,400 16.67 其他 162,062,250 42.45 162,062",,
GO_08148_14/08/24,劉冠州,10.9,,終止根據一般授權配售新股份,PGO_08148_22/08/2025 19:37,131.0,全購事件20260831.csv,08148,悟喜生活,2025-08-22,配售,,,,,,,,,,,,,,,https://www1.hkexnews.hk/listedco/listconews/gem/2025/0822/2025082201515_c.pdf,,,NO_PLACEE_DEF
GO_08148_14/08/24,劉冠州,10.8,1.0,根據一般授權配售新股份,PGO_08148_21/08/2025 22:54,131.0,全購事件20260831.csv,08148,悟喜生活,2025-08-21,配售,,承配人,劉冠州先生,個人,,,,,,,,,,,https://www1.hkexnews.hk/listedco/listconews/gem/2025/0821/2025082101682_c.pdf,"配售事項完成後的股權架構如下： 股東姓名╱名稱 於本公佈日期 緊隨配售事項完成後 股份數目 概約百分比 股份數目 概約百分比 （附註2） （附註2） 主要股東 劉冠州先生（附註1） 219,729,750 57.55 219,729,750 53.96 公眾股東 承配人 – – 25,452,800 6.25 其他 162,062,250 42.45 162,062,",,
GO_01682_06/08/24,"驕陽國際有限公司 (吳良好, 余學明)",20.5,,公告 - 按於記錄日期 每持有一(1)股股份獲發一(1)股供股股份之基準 以非包銷基準進行供股所涉及 供股股份之有效接納結果以及 須接受補償安排之未獲認購供股股份及 除外股東未售出供股股份之數目,PGO_01682_10/06/2026 20:16,132.0,全購事件20260831.csv,01682,杭品生活科技,2026-06-10,認購,,,,,,,,,,,,,,,https://www1.hkexnews.hk/listedco/listconews/sehk/2026/0610/2026061001395_c.pdf,,,NO_PLACEE_DEF
GO_01682_06/08/24,"驕陽國際有限公司 (吳良好, 余學明)",17.4,0.0,(I) 建議按於記錄日期每持有一(1)股股份獲發 一(1)股供股股份之基準以非包銷基準進行供股； 及 (II) 根據補償安排訂立之配售協議,PGO_01682_09/03/2026 21:02,132.0,全購事件20260831.csv,01682,杭品生活科技,2026-03-09,配售,,承配人,驕陽國際有限公司,公司,吳良好先生,,,,,,,,,2026-01-30,https://www1.hkexnews.hk/listedco/listconews/sehk/2026/0309/2026030901201_c.pdf,".57% 總計 785,927,000 100.00% 1,571,854,000 100.00% 1,571,854,000 100.00% 附註： (1) 驕陽國際有限公司，一間於英屬處女群島註冊成立之有限公司，由吳良好先生及余學明先 生分別擁有50%權益。根據證券及期貨條例，吳良好先生及余學明先生各自被視為於驕陽持 有之所有股份中擁有權益。 (2) 上表所載若干百分比",,
GO_03928_09/07/24,"Alpine Treasure Limited (張天德, 何志康)",18.2,,完成根據一般授權配售新股份,PGO_03928_25/02/2026 17:26,136.0,全購事件20260831.csv,03928,中國新零售供應鏈,2026-02-25,配售,,,,,,,,,,,,,,,https://www1.hkexnews.hk/listedco/listconews/sehk/2026/0225/2026022500477_c.pdf,,,NO_PLACEE_DEF
GO_03928_09/07/24,"Alpine Treasure Limited (張天德, 何志康)",17.7,,根據一般授權配售新股份,PGO_03928_10/02/2026 20:31,136.0,全購事件20260831.csv,03928,中國新零售供應鏈,2026-02-10,配售,,承配人,,,,,,,,,,,,,https://www1.hkexnews.hk/listedco/listconews/sehk/2026/0210/2026021001079_c.pdf,,MED,NO_NAMED_PLACEE
GO_06623_03/07/24,"平安集團, 安科技術, 平安海外控股",18.3,,補充公告-有關認購理財產品的主要交易及須予披露交易,PGO_06623_08/05/2026 19:03,137.0,全購事件20260831.csv,06623,陸控,2026-05-08,認購,,,,,,,,,,,,,,,https://www1.hkexnews.hk/listedco/listconews/sehk/2026/0508/2026050801184_c.pdf,,,NO_PLACEE_DEF
GO_06623_03/07/24,"平安集團, 安科技術, 平安海外控股",15.6,,有關認購理財產品的主要交易及須予披露交易,PGO_06623_15/02/2026 18:15,137.0,全購事件20260831.csv,06623,陸控,2026-02-15,認購,,,,,,,,,,,,,,,https://www1.hkexnews.hk/listedco/listconews/sehk/2026/0215/2026021500022_c.pdf,,MED,NO_NAMED_PLACEE
GO_00389_12/06/24,王赫,23.8,,有關根據一般授權配售新股份之 配售協議終止,PGO_00389_20/08/2026 22:48,141.0,全購事件20260831.csv,00389,通天酒業,2026-08-20,配售,,,,,,,,,,,,,,,https://www1.hkexnews.hk/listedco/listconews/sehk/2026/0820/2026082001842_c.pdf,,,NO_PLACEE_DEF
GO_00389_12/06/24,王赫,23.3,,內幕消息 有關配售協議之 展開法院程序通知,PGO_00389_07/08/2026 06:02,141.0,全購事件20260831.csv,00389,通天酒業,2026-08-07,配售,,,,,,,,,,,,,,,https://www1.hkexnews.hk/listedco/listconews/sehk/2026/0807/2026080700002_c.pdf,,,NO_PLACEE_DEF
GO_00389_12/06/24,王赫,23.2,,自願性公佈 接獲一名主要股東之認購建議及拒絕建議,PGO_00389_04/08/2026 22:47,141.0,全購事件20260831.csv,00389,通天酒業,2026-08-04,認購,,,,,,,,,,,,,,,https://www1.hkexnews.hk/listedco/listconews/sehk/2026/0804/2026080402370_c.pdf,,,NO_PLACEE_DEF
GO_00389_12/06/24,王赫,22.9,,根據一般授權配售新股份,PGO_00389_26/07/2026 18:11,141.0,全購事件20260831.csv,00389,通天酒業,2026-07-26,配售,,承配人,,,,,,,,,,,,,https://www1.hkexnews.hk/listedco/listconews/sehk/2026/0726/2026072600018_c.pdf,,MED,NO_NAMED_PLACEE
GO_08107_12/04/24,Beaming Elite Holdings Limited (陳霆),11.7,,補充公告 關連交易 (1) 認購協議之修訂；及 (2) 根據一般授權發行股份,PGO_08107_12/06/2025 06:09,146.0,全購事件20260831.csv,08107,細葉榕科技,2025-06-12,認購,,,,,,,,,,,,,,,https://www1.hkexnews.hk/listedco/listconews/gem/2025/0612/2025061200006_c.pdf,,,NO_PLACEE_DEF
GO_08107_12/04/24,Beaming Elite Holdings Limited (陳霆),8.4,0.0,關連交易(1)訂立認購協議；及(2)根據特別授權發行承諾費用股份,PGO_08107_04/03/2025 06:18,146.0,全購事件20260831.csv,08107,細葉榕科技,2025-03-04,認購,,投資者,"Arena Business Solutions Global SPC II, Ltd",公司,,,,,,,,,,2025-01-03,https://www1.hkexnews.hk/listedco/listconews/gem/2025/0304/2025030400012_c.pdf,"投資者將向本公司認購最多1 億美元（相當於約7.8億港元）的股份。 認購協議 日期： 二零二五年三月三日（交易時段後） 訂約方： (i) 本公司；及 (ii) Arena Business Solutions Global SPC II, Ltd 認購事項 於認購協議期間內任何時間，在若干條件的規限下，本公司可透過發出墊款通知 要求投資者認購股份，當中列明本公司有意根據以下條文向投資者發行及出售的",,
GO_08107_12/04/24,Beaming Elite Holdings Limited (陳霆),8.2,,完成根據一般授權配售新股份,PGO_08107_25/02/2025 18:40,146.0,全購事件20260831.csv,08107,細葉榕科技,2025-02-25,配售,,,,,,,,,,,,,,2025-02-25,https://www1.hkexnews.hk/listedco/listconews/gem/2025/0225/2025022500723_c.pdf,,,NO_PLACEE_DEF
GO_08107_12/04/24,Beaming Elite Holdings Limited (陳霆),7.8,,有關根據一般授權配售新股份的補充公告,PGO_08107_14/02/2025 17:29,146.0,全購事件20260831.csv,08107,細葉榕科技,2025-02-14,配售,,,,,,,,,,,,,,,https://www1.hkexnews.hk/listedco/listconews/gem/2025/0214/2025021400746_c.pdf,,,NO_PLACEE_DEF
GO_08107_12/04/24,Beaming Elite Holdings Limited (陳霆),7.5,,有關根據一般授權配售新股份的補充公告,PGO_08107_05/02/2025 16:45,146.0,全購事件20260831.csv,08107,細葉榕科技,2025-02-05,配售,,,,,,,,,,,,,,,https://www1.hkexnews.hk/listedco/listconews/gem/2025/0205/2025020501070_c.pdf,,,NO_PLACEE_DEF
GO_08107_12/04/24,Beaming Elite Holdings Limited (陳霆),7.1,,根據一般授權配售新股份,PGO_08107_24/01/2025 20:32,146.0,全購事件20260831.csv,08107,細葉榕科技,2025-01-24,配售,,承配人,,,,,,,,,,,,2025-01-03,https://www1.hkexnews.hk/listedco/listconews/gem/2025/0124/2025012401488_c.pdf,,MED,NO_NAMED_PLACEE
GO_08326_11/04/24,"振捷有限公司 (吳建農 - 執行董事, 董事會主席兼行政總裁, 徐水升, 沈孟紅)",3.0,,供股股份之有效接納及申請結果及待進行補償安排之未認購供股股份及不合資格股東未出售供股股份數目,PGO_08326_19/08/2024 20:54,147.0,全購事件20260831.csv,08326,同景新能源,2024-08-19,認購,,,,,,,,,,,,,,,https://www1.hkexnews.hk/listedco/listconews/gem/2024/0819/2024081901429_c.pdf,,,NO_PLACEE_DEF
GO_06928_26/03/24,盧永德,22.8,,完成根據一般授權認購新股份,PGO_06928_10/04/2026 19:42,148.0,全購事件20260831.csv,06928,萬馬控股,2026-04-10,認購,,,,,,,,,,,,,,2026-04-10,https://www1.hkexnews.hk/listedco/listconews/sehk/2026/0410/2026041001126_c.pdf,,,NO_PLACEE_DEF
GO_06928_26/03/24,盧永德,22.3,,有關 根據一般授權認購新股份之 第五份補充公告,PGO_06928_27/03/2026 19:48,148.0,全購事件20260831.csv,06928,萬馬控股,2026-03-27,認購,,,,,,,,,,,,,,,https://www1.hkexnews.hk/listedco/listconews/sehk/2026/0327/2026032702139_c.pdf,,MED,NO_NAMED_PLACEE
GO_06928_26/03/24,盧永德,21.9,,有關根據一般授權認購新股份之第四份補充公告,PGO_06928_13/03/2026 20:40,148.0,全購事件20260831.csv,06928,萬馬控股,2026-03-13,認購,,,,,,,,,,,,,,,https://www1.hkexnews.hk/listedco/listconews/sehk/2026/0313/2026031301540_c.pdf,,,NO_PLACEE_DEF
GO_06928_26/03/24,盧永德,21.4,,有關根據一般授權認購新股份之第三份補充公告,PGO_06928_27/02/2026 20:27,148.0,全購事件20260831.csv,06928,萬馬控股,2026-02-27,認購,,,,,,,,,,,,,,,https://www1.hkexnews.hk/listedco/listconews/sehk/2026/0227/2026022701593_c.pdf,,,NO_PLACEE_DEF
GO_06928_26/03/24,盧永德,21.0,,有關 根據一般授權認購新股份之 第二份補充公告,PGO_06928_13/02/2026 18:18,148.0,全購事件20260831.csv,06928,萬馬控股,2026-02-13,認購,,,,,,,,,,,,,,,https://www1.hkexnews.hk/listedco/listconews/sehk/2026/0213/2026021301108_c.pdf,,,NO_PLACEE_DEF
GO_06928_26/03/24,盧永德,20.5,,有關 根據一般授權認購新股份之補充公告,PGO_06928_30/01/2026 18:58,148.0,全購事件20260831.csv,06928,萬馬控股,2026-01-30,認購,,,,,,,,,,,,,,,https://www1.hkexnews.hk/listedco/listconews/sehk/2026/0130/2026013001402_c.pdf,,,NO_PLACEE_DEF
GO_00854_01/02/24,香港雅創台信電子有限公司 (上海雅創 SZ: 301099),9.6,,根據一般授權認購新股份,PGO_00854_15/07/2025 19:02,151.0,全購事件20260831.csv,00854,威雅利,2025-07-15,認購,,,,,,,,,,,,,,,https://www1.hkexnews.hk/listedco/listconews/sehk/2025/0715/2025071500847_c.pdf,,,NO_PLACEE_DEF
GO_00854_01/02/24,香港雅創台信電子有限公司 (上海雅創 SZ: 301099),8.9,,"根據一般授權按認購價每股認購股份$2.66港元認購本公司股本中15,000,000股新普通股 &mdash; 收到新加坡證券交易所有限公司之上市及報價通知",PGO_00854_24/06/2025 16:50,151.0,全購事件20260831.csv,00854,威雅利,2025-06-24,認購,,,,,,,,,,,,,,,https://www1.hkexnews.hk/listedco/listconews/sehk/2025/0624/2025062400362_c.pdf,,MED,NO_NAMED_PLACEE
GO_00854_01/02/24,香港雅創台信電子有限公司 (上海雅創 SZ: 301099),8.5,,根據一般授權認購新股份,PGO_00854_12/06/2025 18:32,151.0,全購事件20260831.csv,00854,威雅利,2025-06-12,認購,,認購人I,,,,,,,,,,,,,https://www1.hkexnews.hk/listedco/listconews/sehk/2025/0612/2025061200811_c.pdf,,MED,NO_NAMED_PLACEE
GO_08426_31/01/24,俊和海外控股有限公司 (亞洲聯合基建 HKEX: 0711),7.1,,聯合公告 (1)完成配售雅居投資控股有限公司的現有股份；(2)達成全部復牌指引；及(3)雅居投資控股有限公司恢復買賣,PGO_08426_28/10/2024 22:22,152.0,全購事件20260831.csv,08426,雅居投資控股,2024-10-28,配售,,,,,,,,,,,,,,2024-10-28,https://www1.hkexnews.hk/listedco/listconews/gem/2024/1028/2024102801127_c.pdf,,,NO_PLACEE_DEF
GO_08426_31/01/24,俊和海外控股有限公司 (亞洲聯合基建 HKEX: 0711),5.7,,聯合公告 (1)進一步延長配售雅居投資控股有限公司股份的配售期；及 (2)雅居投資控股有限公司的公眾持股量,PGO_08426_17/09/2024 17:28,152.0,全購事件20260831.csv,08426,雅居投資控股,2024-09-17,配售,,,,,,,,,,,,,,,https://www1.hkexnews.hk/listedco/listconews/gem/2024/0917/2024091700655_c.pdf,,,NO_PLACEE_DEF
GO_08426_31/01/24,俊和海外控股有限公司 (亞洲聯合基建 HKEX: 0711),5.3,,聯合公告 (1)延長配售雅居投資控股有限公司股份的配售期；及(2)雅居投資控股有限公司的公眾持股量,PGO_08426_02/09/2024 18:19,152.0,全購事件20260831.csv,08426,雅居投資控股,2024-09-02,配售,,,,,,,,,,,,,,,https://www1.hkexnews.hk/listedco/listconews/gem/2024/0902/2024090203253_c.pdf,,,NO_PLACEE_DEF
GO_08426_31/01/24,俊和海外控股有限公司 (亞洲聯合基建 HKEX: 0711),4.1,,聯合公告 (1)亞洲聯合基建控股有限公司的須予披露交易：透過配售方式出售雅居投資控股有限公司的股份；及(2)雅居投資控股有限公司的公眾持股量,PGO_08426_30/07/2024 22:23,152.0,全購事件20260831.csv,08426,雅居投資控股,2024-07-30,配售,,承配人,,,,,,,,,,,,,https://www1.hkexnews.hk/listedco/listconews/gem/2024/0730/2024073001493_c.pdf,,MED,NO_NAMED_PLACEE
GO_00711_31/01/24,俊和海外控股有限公司,7.1,,聯合公告 (1)完成配售雅居投資控股有限公司的現有股份；(2)達成全部復牌指引；及(3)雅居投資控股有限公司恢復買賣,PGO_00711_28/10/2024 22:17,153.0,全購事件20260831.csv,00711,亞洲聯合基建控股,2024-10-28,配售,,,,,,,,,,,,,,2024-10-28,https://www1.hkexnews.hk/listedco/listconews/sehk/2024/1028/2024102801117_c.pdf,,,NO_PLACEE_DEF
GO_00711_31/01/24,俊和海外控股有限公司,5.7,,聯合公告 (1)進一步延長配售雅居投資控股有限公司股份的配售期；及 (2)雅居投資控股有限公司的公眾持股量,PGO_00711_17/09/2024 17:25,153.0,全購事件20260831.csv,00711,亞洲聯合基建控股,2024-09-17,配售,,,,,,,,,,,,,,,https://www1.hkexnews.hk/listedco/listconews/sehk/2024/0917/2024091700643_c.pdf,,,NO_PLACEE_DEF
GO_00711_31/01/24,俊和海外控股有限公司,5.3,,聯合公告 (1)延長配售雅居投資控股有限公司股份的配售期；及(2)雅居投資控股有限公司的公眾持股量,PGO_00711_02/09/2024 18:17,153.0,全購事件20260831.csv,00711,亞洲聯合基建控股,2024-09-02,配售,,,,,,,,,,,,,,,https://www1.hkexnews.hk/listedco/listconews/sehk/2024/0902/2024090203231_c.pdf,,,NO_PLACEE_DEF
GO_00711_31/01/24,俊和海外控股有限公司,4.1,,聯合公告 (1)亞洲聯合基建控股有限公司的須予披露交易：透過配售方式出售雅居投資控股有限公司的股份；及(2)雅居投資控股有限公司的公眾持股量,PGO_00711_30/07/2024 22:12,153.0,全購事件20260831.csv,00711,亞洲聯合基建控股,2024-07-30,配售,,承配人,,,,,,,,,,,,,https://www1.hkexnews.hk/listedco/listconews/sehk/2024/0730/2024073001479_c.pdf,,MED,NO_NAMED_PLACEE
GO_00115_09/01/24,"Rhenfield Development Corp (曾義, 曾芷諾)",1.5,,完成認購新可換股債券及結算現有債券,PGO_00115_06/05/2024 19:03,157.0,全購事件20260831.csv,00115,鈞濠集團,2024-05-06,認購,,,,,,,,,,,,,,2024-05-06,https://www1.hkexnews.hk/listedco/listconews/sehk/2024/0506/2024050601921_c.pdf,,,NO_PLACEE_DEF
GO_01029_08/11/23,AXIOMA CAPITAL FZE LLC (Nikolai Valentinovich Levitskii - 董事會主席),23.0,,有效申請供股股份的結果 以及補償安排涉及的 未獲認購供股股份及不合資格股東未售出供股股份數目,PGO_01029_22/01/2026 07:00,162.0,全購事件20260831.csv,01029,鐵貨,2026-01-22,認購,,,,,,,,,,,,,,,https://www1.hkexnews.hk/listedco/listconews/sehk/2026/0122/2026012200072_c.pdf,,,NO_PLACEE_DEF
GO_01028_08/11/23,Orchid Valley Holdings Limited (程璇璇),22.5,,完成根據特別授權向認購方 發行非上市認股權證,PGO_01028_02/02/2026 18:04,163.0,全購事件20260831.csv,01028,千百度,2026-02-02,認購,,,,,,,,,,,,,,2026-02-02,https://www1.hkexnews.hk/listedco/listconews/sehk/2026/0202/2026020202399_c.pdf,,,NO_PLACEE_DEF
GO_01028_08/11/23,Orchid Valley Holdings Limited (程璇璇),20.8,,完成根據一般授權向認購方發行新股份,PGO_01028_11/12/2025 17:56,163.0,全購事件20260831.csv,01028,千百度,2025-12-11,認購,,,,,,,,,,,,,,2025-12-11,https://www1.hkexnews.hk/listedco/listconews/sehk/2025/1211/2025121100899_c.pdf,,,NO_PLACEE_DEF
GO_01028_08/11/23,Orchid Valley Holdings Limited (程璇璇),19.8,,有關 建議根據一般授權發行新股份及 根據特別授權向認購方發行非上市認股權證的 補充公告,PGO_01028_11/11/2025 20:43,163.0,全購事件20260831.csv,01028,千百度,2025-11-11,認購,,,,,,,,,,,,,,,https://www1.hkexnews.hk/listedco/listconews/sehk/2025/1111/2025111101465_c.pdf,,,NO_PLACEE_DEF
GO_01028_08/11/23,Orchid Valley Holdings Limited (程璇璇),19.4,0.0,建議根據一般授權發行新股份及 根據特別授權向認購方發行非上市認股權證,PGO_01028_30/10/2025 06:07,163.0,全購事件20260831.csv,01028,千百度,2025-10-30,認購,,認購方,Port Bliss Holdings,公司,梁樂恒女士,,,,,,,,,,https://www1.hkexnews.hk/listedco/listconews/sehk/2025/1030/2025103000006_c.pdf,"行認購股份 及(b)認股權證所附 股東 (i)於本公告日期 (ii)於發行認購股份完成時 認購權獲悉數行使完成後 股份 % 股份 % 股份 % 梁樂恒女士（透過Port Bliss Holdings Limited）（附註1） 495,355,436 23.85 495,355,436 19.88 495,355,436 16.70 陳奕熙先生（透過Hongguo International G",,
GO_03963_30/10/23,金榜集團控股有限公司 (控股股東),22.5,,關連交易－建議根據特別授權發行可換股債券－延長最後截止日期,PGO_03963_30/12/2025 17:20,164.0,全購事件20260831.csv,03963,融眾金融,2025-12-30,關連交易－建議根據特別授權發行可換股債券,,,,,,,,,,,,,,,https://www1.hkexnews.hk/listedco/listconews/sehk/2025/1230/2025123000714_c.pdf,,,NO_PLACEE_DEF
GO_03963_30/10/23,,,,認購協議,PGO_03963_13/10/2025 16:40,,,03963,融眾金融,,,,,,,,,,,,,,,,,https://www1.hkexnews.hk/listedco/listconews/sehk/dod/tc.html,,,PDF_FAIL:唔係PDF: https://www1.hkexnews.hk/listedco/listconews/sehk/dod
GO_03963_30/10/23,金榜集團控股有限公司 (控股股東),18.6,0.0,關連交易－建議根據特別授權發行可換股債券,PGO_03963_03/09/2025 21:19,164.0,全購事件20260831.csv,03963,融眾金融,2025-09-03,關連交易－建議根據特別授權發行可換股債券,,認購人,金榜集團控股有限公司,公司,,,,,,,,,,,https://www1.hkexnews.hk/listedco/listconews/sehk/2025/0903/2025090302153_c.pdf,"權架構： 緊隨可換股債券悉數轉換 股東 於本公告日期 為換股股份後 佔已發行 佔已發行 所持股份 股份總數 所持股份 股份總數 數目 的概約% 數目 的概約% 金榜集團控股有限公司 （即認購人）（附註3） 189,492,617 31.23 335,325,950 44.55 Perfect Honour Limited （附註2及3） 143,805,903 23.70 14",,
GO_01796_10/10/23,元豐創投有限公司 (黃后),5.3,,根據一般授權配售新股份失效,PGO_01796_29/05/2024 06:04,165.0,全購事件20260831.csv,01796,中國數智科技,2024-05-29,配售,,,,,,,,,,,,,,,https://www1.hkexnews.hk/listedco/listconews/sehk/2024/0529/2024052900004_c.pdf,,,NO_PLACEE_DEF
GO_01796_10/10/23,元豐創投有限公司 (黃后),4.6,,與根據一般授權配售新股份有關的補充公告,PGO_01796_07/05/2024 21:16,165.0,全購事件20260831.csv,01796,中國數智科技,2024-05-07,配售,,,,,,,,,,,,,,,https://www1.hkexnews.hk/listedco/listconews/sehk/2024/0507/2024050701651_c.pdf,,,NO_PLACEE_DEF
GO_01796_10/10/23,元豐創投有限公司 (黃后),4.1,,根據一般授權配售新股份,PGO_01796_23/04/2024 06:15,165.0,全購事件20260831.csv,01796,中國數智科技,2024-04-23,配售,,承配人,,,,,,,,,,,,,https://www1.hkexnews.hk/listedco/listconews/sehk/2024/0423/2024042300028_c.pdf,,MED,NO_NAMED_PLACEE
GO_00970_05/10/23,施清流,5.4,1.0,根據一般授權認購新股份,PGO_00970_21/07/2024 18:05,167.0,全購事件20260831.csv,00970,新耀萊,2024-07-21,認購,,第一認購人,楊雲先生,個人,,,,,,,,,楊雲先生，一名中國居民及獨立第三方,,https://www1.hkexnews.hk/listedco/listconews/sehk/2024/0721/2024072100008_c.pdf,"Hoon先生、Pro Honor、林志堅先生、施嘉豪先生及徐俊美女士 「關連人士」 指 上市規則賦予該詞之涵義 「董事」 指 本公司之董事 「第一認購人」 指 楊雲先生，一名中國居民及獨立第三方 「第一認購協議」 指 本公司與第一認購人所訂立日期為二零二四年七月十九 日之協議，據此，第一認購人應認購62,149,418股新股份 「一般授權」 指 股東於二零二三年股東",,
GO_00970_05/10/23,施清流,5.4,1.0,根據一般授權認購新股份,PGO_00970_21/07/2024 18:05,167.0,全購事件20260831.csv,00970,新耀萊,2024-07-21,認購,,第二認購人,李展程先生,個人,,,,,,,,,李展程先生，一名香港居民及獨立第三方,,https://www1.hkexnews.hk/listedco/listconews/sehk/2024/0721/2024072100008_c.pdf,"onor」 指 Pro Honor Investment Limited，一間於英屬處女群島註 冊成立之有限公司，由董事仇沛沅先生全資擁有 「第二認購人」 指 李展程先生，一名香港居民及獨立第三方 「第二認購協議」 指 本公司與第二認購人所訂立日期為二零二四年七月十九 日之協議，據此，第二認購人應認購12,730,000股新股份 「股份」 指 本公司股本中每股面值0.",,
GO_00970_05/10/23,施清流,23.3,0.0,根據一般授權認購新股份,PGO_00970_16/01/2026 21:13,167.0,全購事件20260831.csv,00970,新耀萊,2026-01-16,認購,,認購人I,聖瑋實業發展有限公司,公司,,,,,,,,,聖瑋實業發展有限公司，一間於香港註冊成立之有限公司，為獨立第三方,,https://www1.hkexnews.hk/listedco/listconews/sehk/2026/0116/2026011601534_c.pdf,股 「股東」 指 股份持有人 「聯交所」 指 香港聯合交易所有限公司 「（該等）認購人」 指 認購人I、認購人II、認購人III及認購人IV 「認購人I」 指 聖瑋實業發展有限公司，一間於香港註冊成立之有限 公司，為獨立第三方 「認購人II」 指 劉俊堅先生，香港居民，為獨立第三方 8 「認購人III」 指 鄭詠詩女士，香港居民，為獨立第三方 「認購人IV」 指 李展程先生，香,,
GO_00970_05/10/23,施清流,14.2,1.0,根據一般授權認購新股份,PGO_00970_15/04/2025 21:06,167.0,全購事件20260831.csv,00970,新耀萊,2025-04-15,認購,,第一認購人,李展程先生,個人,,,,,,,,,"李展程先生，一名香港居民並為於本公佈日期持有 12,730,000 股股份（佔本公司已發行股本總額約2.71%）之現有股東，屬獨立第三方",,https://www1.hkexnews.hk/listedco/listconews/sehk/2025/0415/2025041501616_c.pdf,"oon先生、Pro Honor、林志堅先生、施嘉豪先生 及徐俊美女士 「關連人士」 指 上市規則賦予該詞之涵義 「董事」 指 本公司之董事 「第一認購人」 指 李展程先生，一名香港居民並為於本公佈日期持 有 12,730,000 股股份（佔本公司已發行股本總額 約2.71%）之現有股東，屬獨立第三方 「第一認購協議」 指 本公司與第一認購人所訂立日期為二零二五年 四月",,
GO_00970_05/10/23,施清流,14.2,1.0,根據一般授權認購新股份,PGO_00970_15/04/2025 21:06,167.0,全購事件20260831.csv,00970,新耀萊,2025-04-15,認購,,第二認購人,陳劍武先生,個人,,,,,,,,,陳劍武先生，一名中國居民及獨立第三方,,https://www1.hkexnews.hk/listedco/listconews/sehk/2025/0415/2025041501616_c.pdf,"nor」 指 Pro Honor Investment Limited，一間於英屬處女群 島註冊成立之有限公司，由董事仇沛沅先生全資 擁有 「第二認購人」 指 陳劍武先生，一名中國居民及獨立第三方 「第二認購協議」 指 本公司與第二認購人所訂立日期為二零二五年 四月十五日之協議，據此，第二認購人應認購 79,729,301股新股份 「股份」 指 本公司股本中每股面值0",,
GO_00789_27/09/23,"迅速發展有限公司 (陳龍, 林晨潔, 陳乃恩)",10.5,,完成根據一般授權配售新股份,PGO_00789_04/10/2024 17:01,169.0,全購事件20260831.csv,00789,雅天妮集團,2024-10-04,配售,,,,,,,,,,,,,,,https://www1.hkexnews.hk/listedco/listconews/sehk/2024/1004/2024100400928_c.pdf,,,NO_PLACEE_DEF
GO_00789_27/09/23,"迅速發展有限公司 (陳龍, 林晨潔, 陳乃恩)",9.7,0.0,根據一般授權配售新股份,PGO_00789_09/09/2024 22:31,169.0,全購事件20260831.csv,00789,雅天妮集團,2024-09-09,配售,,承配人,迅速發展有限公司,公司,陳龍先生,,,,,,,,,,https://www1.hkexnews.hk/listedco/listconews/sehk/2024/0909/2024090901257_c.pdf,"份外已發行股份總數概無變動，則本公司現有股權架構及緊 隨完成後對本公司股權架構之影響如下： 於本公告日期 緊隨完成後 股份數目 概約% 股份數目 概約% 股東 迅速發展有限公司（附註） 708,591,525 64.19 708,591,525 53.52 承配人 – – 220,000,000 16.62 其他公眾股東 395,376,603 35.81 395,376,",,
GO_01780_19/09/23,"Kyosei Technology Inc (柳瀨健一, 金子博, 潘楠)",23.6,,內幕消息 - 完成控股股東現有股份的私人配售事項,PGO_01780_28/10/2025 16:49,170.0,全購事件20260831.csv,01780,榮尊國際控股,2025-10-28,配售,,,,,,,,,,,,,,,https://www1.hkexnews.hk/listedco/listconews/sehk/2025/1028/2025102800641_c.pdf,,MED,NO_NAMED_PLACEE
GO_01780_19/09/23,"Kyosei Technology Inc (柳瀨健一, 金子博, 潘楠)",23.4,,內幕消息 &ndash; 控股股東現有股份的私人配售事項,PGO_01780_21/10/2025 20:52,170.0,全購事件20260831.csv,01780,榮尊國際控股,2025-10-21,配售,,,,,,,,,,,,,,,https://www1.hkexnews.hk/listedco/listconews/sehk/2025/1021/2025102100861_c.pdf,,,NO_PLACEE_DEF
GO_01869_10/08/23,Kafelaku Coffee Industrial Limited (梁乃銘),8.1,,完成根據一般授權配售新股份,PGO_01869_07/06/2024 19:39,173.0,全購事件20260831.csv,01869,貓屎咖啡控股,2024-06-07,配售,,,,,,,,,,,,,,2024-06-07,https://www1.hkexnews.hk/listedco/listconews/sehk/2024/0607/2024060701273_c.pdf,,,NO_PLACEE_DEF
GO_01869_10/08/23,Kafelaku Coffee Industrial Limited (梁乃銘),7.4,0.0,根據一般授權配售新股份,PGO_01869_14/05/2024 20:26,173.0,全購事件20260831.csv,01869,貓屎咖啡控股,2024-05-14,配售,,承配人,兼主席梁乃銘先生,個人,,,,,,,,,,,https://www1.hkexnews.hk/listedco/listconews/sehk/2024/0514/2024051401098_c.pdf,"總計： 1,105,100,000 100.00 1,326,120,000 100.00 附註： 1. Kafelaku Industrial由本公司執行董事兼主席梁乃銘先生全資擁有。 – 6 – 2. 僅供說明用途。預期概無承配人將於完成配售事項後成為主要股東。 鑑於配售事項之完成須待配售協議項下之條件獲達成後，方可作實，故配售事 項未必會進行，股東及本公司有意投資者於",,
GO_01894_04/08/23,徐愛華,8.2,,完成根據一般授權配售新股份,PGO_01894_19/06/2024 17:44,174.0,全購事件20260831.csv,01894,恒益控股,2024-06-19,配售,,,,,,,,,,,,,,2024-06-19,https://www1.hkexnews.hk/listedco/listconews/sehk/2024/0619/2024061900579_c.pdf,,,NO_PLACEE_DEF
GO_01894_04/08/23,徐愛華,7.8,,有關根據一般授權配售新股份之補充公告,PGO_01894_05/06/2024 22:22,174.0,全購事件20260831.csv,01894,恒益控股,2024-06-05,配售,,,,,,,,,,,,,,,https://www1.hkexnews.hk/listedco/listconews/sehk/2024/0605/2024060502279_c.pdf,,,NO_PLACEE_DEF
GO_01894_04/08/23,徐愛華,7.4,,根據一般授權配售新股份,PGO_01894_23/05/2024 22:41,174.0,全購事件20260831.csv,01894,恒益控股,2024-05-23,配售,,承配人,,,,,,,,,,,,,https://www1.hkexnews.hk/listedco/listconews/sehk/2024/0523/2024052301662_c.pdf,,MED,NO_NAMED_PLACEE
GO_08107_21/07/23,劉志榮,10.1,,根據一般授權配售新股份失效,PGO_08107_16/07/2024 17:01,176.0,全購事件20260831.csv,08107,細葉榕科技,2024-07-16,配售,,,,,,,,,,,,,,,https://www1.hkexnews.hk/listedco/listconews/gem/2024/0716/2024071600434_c.pdf,,,NO_PLACEE_DEF
GO_08107_21/07/23,劉志榮,9.3,,根據一般授權配售新股份,PGO_08107_24/06/2024 19:48,176.0,全購事件20260831.csv,08107,細葉榕科技,2024-06-24,配售,,承配人,,,,,,,,,,,,2023-12-20,https://www1.hkexnews.hk/listedco/listconews/gem/2024/0624/2024062400784_c.pdf,,MED,NO_NAMED_PLACEE
GO_08107_21/07/23,劉志榮,3.2,,完成根據一般授權配售新股份,PGO_08107_20/12/2023 18:11,176.0,全購事件20260831.csv,08107,細葉榕科技,2023-12-20,配售,,,,,,,,,,,,,,2023-12-20,https://www1.hkexnews.hk/listedco/listconews/gem/2023/1220/2023122000733_c.pdf,,,NO_PLACEE_DEF
GO_08107_21/07/23,劉志榮,2.5,,根據一般授權配售新股份,PGO_08107_30/11/2023 19:59,176.0,全購事件20260831.csv,08107,細葉榕科技,2023-11-30,配售,,承配人,,,,,,,,,,,,2023-06-12,https://www1.hkexnews.hk/listedco/listconews/gem/2023/1130/2023113001597_c.pdf,,MED,NO_NAMED_PLACEE
GO_08107_21/07/23,劉志榮,20.9,,補充公告 關連交易 (1) 認購協議之修訂；及 (2) 根據一般授權發行股份,PGO_08107_12/06/2025 06:09,176.0,全購事件20260831.csv,08107,細葉榕科技,2025-06-12,認購,,,,,,,,,,,,,,,https://www1.hkexnews.hk/listedco/listconews/gem/2025/0612/2025061200006_c.pdf,,,NO_PLACEE_DEF
GO_08107_21/07/23,劉志榮,17.6,0.0,關連交易(1)訂立認購協議；及(2)根據特別授權發行承諾費用股份,PGO_08107_04/03/2025 06:18,176.0,全購事件20260831.csv,08107,細葉榕科技,2025-03-04,認購,,投資者,"Arena Business Solutions Global SPC II, Ltd",公司,,,,,,,,,,2025-01-03,https://www1.hkexnews.hk/listedco/listconews/gem/2025/0304/2025030400012_c.pdf,"投資者將向本公司認購最多1 億美元（相當於約7.8億港元）的股份。 認購協議 日期： 二零二五年三月三日（交易時段後） 訂約方： (i) 本公司；及 (ii) Arena Business Solutions Global SPC II, Ltd 認購事項 於認購協議期間內任何時間，在若干條件的規限下，本公司可透過發出墊款通知 要求投資者認購股份，當中列明本公司有意根據以下條文向投資者發行及出售的",,
GO_08350_26/06/23,"立橋金融科技控股有限公司 (許楚家, 詹美清)",10.6,,完成根據特別授權認購新股份,PGO_08350_01/11/2024 17:59,179.0,全購事件20260831.csv,08350,立橋證券控股,2024-11-01,認購,,,,,,,,,,,,,,2024-11-01,https://www1.hkexnews.hk/listedco/listconews/gem/2024/1101/2024110102897_c.pdf,,,NO_PLACEE_DEF
GO_08350_26/06/23,"立橋金融科技控股有限公司 (許楚家, 詹美清)",8.6,0.0,關連交易根據特別授權認購新股份,PGO_08350_02/09/2024 22:13,179.0,全購事件20260831.csv,08350,立橋證券控股,2024-09-02,認購,,認購人,許楚家先生,個人,,,,,,,,,,,https://www1.hkexnews.hk/listedco/listconews/gem/2024/0902/2024090203835_c.pdf,票據。 認購股份將根據擬於股東特別大會上尋求之特別授權配發及發行。本公司 將向聯交所上市委員會申請批准認購股份上市及買賣。 – 1 – 上市規則之涵義 認購人為許楚家先生的配偶。許楚家先生持有立橋金科97%股權，立橋金科 為本公司的控股股東，故根據GEM上市規則第20章為本公司之關連人士。因 此，認購事項將構成本公司之一項關連交易，並須遵守GEM上市規則第20章 項下,,
GO_01481_27/04/23,TeraMetal Holdings Limited (吳浩麟),0.5,,更替有關認購湖北康時珍醫藥科技有限公司30%經擴大註冊資本的協議及更替補充契據,PGO_01481_05/07/2023 16:35,185.0,全購事件20260831.csv,01481,竣球控股,2023-07-05,認購,,,,,,,,,,,,,,,https://www1.hkexnews.hk/listedco/listconews/sehk/2023/0705/2023070500620_c.pdf,,,NO_PLACEE_DEF
GO_01481_27/04/23,TeraMetal Holdings Limited (吳浩麟),17.2,,(1)須予披露交易 &mdash; 土地收購；(2)根據一般授權發行可換股債券；(3)視作等同出售一間附屬公司的權益；(4)有關建議戰略合作的諒解備忘錄；及(5)變更2022年配售所得款項的用途,PGO_01481_26/11/2024 21:52,185.0,全購事件20260831.csv,01481,竣球控股,2024-11-26,配售,,,,,,,,,,,,,,2022-08-05,https://www1.hkexnews.hk/listedco/listconews/sehk/2024/1126/2024112601089_c.pdf,,MED,NO_NAMED_PLACEE
GO_03889_10/04/23,"孔展鵬, 王鐵光",11.8,,完成根據一般授權認購新股份,PGO_03889_10/01/2025 20:44,186.0,全購事件20260831.csv,03889,大成玉米集團,2025-01-10,認購,,,,,,,,,,,,,,2025-01-10,https://www1.hkexnews.hk/listedco/listconews/sehk/2025/0110/2025011001190_c.pdf,,,NO_PLACEE_DEF
GO_03889_10/04/23,"孔展鵬, 王鐵光",11.2,,有關根據一般授權認購新股份之補充公告,PGO_03889_24/12/2024 15:46,186.0,全購事件20260831.csv,03889,大成玉米集團,2024-12-24,認購,,,,,,,,,,,,,,,https://www1.hkexnews.hk/listedco/listconews/sehk/2024/1224/2024122400463_c.pdf,,,NO_PLACEE_DEF
GO_03889_10/04/23,"孔展鵬, 王鐵光",11.1,,根據一般授權認購新股份,PGO_03889_20/12/2024 20:43,186.0,全購事件20260831.csv,03889,大成玉米集團,2024-12-20,認購,,認購方,,,,,,,,,,,,,https://www1.hkexnews.hk/listedco/listconews/sehk/2024/1220/2024122001587_c.pdf,,MED,NO_NAMED_PLACEE
GO_03889_10/04/23,"孔展鵬, 王鐵光",2.1,,就根據特別授權認購可換股債券延後第一次完成日期,PGO_03889_20/03/2024 18:11,186.0,全購事件20260831.csv,03889,大成玉米集團,2024-03-20,認購,,,,,,,,,,,,,,,https://www1.hkexnews.hk/listedco/listconews/sehk/2024/0320/2024032000886_c.pdf,,,NO_PLACEE_DEF
GO_03889_10/04/23,"孔展鵬, 王鐵光",15.8,,自願公告主要股東授出可換股債券的認購期權,PGO_03889_12/05/2025 22:07,186.0,全購事件20260831.csv,03889,大成玉米集團,2025-05-12,認購,,,,,,,,,,,,,,,https://www1.hkexnews.hk/listedco/listconews/sehk/2025/0512/2025051201179_c.pdf,,,NO_PLACEE_DEF
GO_08402_23/02/23,"萬寶國際控股有限公司 (張璋, 李荷良, 王建東)",2.6,,認股權證附帶的認購權屆滿,PGO_08402_21/07/2023 16:49,190.0,全購事件20260831.csv,08402,高原之寶,2023-07-21,認購,,,,,,,,,,,,,,,https://www1.hkexnews.hk/listedco/listconews/gem/2023/0721/2023072100430_c.pdf,,,NO_PLACEE_DEF
GO_08402_23/02/23,"萬寶國際控股有限公司 (張璋, 李荷良, 王建東)",2.5,,認股權證附帶的認購權屆滿,PGO_08402_18/07/2023 19:39,190.0,全購事件20260831.csv,08402,高原之寶,2023-07-18,認購,,,,,,,,,,,,,,,https://www1.hkexnews.hk/listedco/listconews/gem/2023/0718/2023071800822_c.pdf,,,NO_PLACEE_DEF
GO_08137_12/01/23,吉利集團有限公司 (李書福),23.0,,自願清盤一家間接非全資附屬公司及結束法國網約車業務及更改認購事項所得款項用途,PGO_08137_13/02/2025 21:06,191.0,全購事件20260831.csv,08137,洪橋集團,2025-02-13,認購,,,,,,,,,,,,,,,https://www1.hkexnews.hk/listedco/listconews/gem/2025/0213/2025021301026_c.pdf,,,NO_PLACEE_DEF
GO_08137_12/01/23,吉利集團有限公司 (李書福),19.1,0.0,內幕消息 (1) 控股股東集團內部重組及本公司股權架構之潛在變動 (2) 有關根據特別授權認購新股份之關連交易及 (3) 恢復買賣,PGO_08137_17/10/2024 19:56,191.0,全購事件20260831.csv,08137,洪橋集團,2024-10-17,認購,,認購人,洪橋資本及徐先生,個人,,,,,,,,,,,https://www1.hkexnews.hk/listedco/listconews/gem/2024/1017/2024101701002_c.pdf,"控股股東集團之架構，進行上述重組後，本公司將繼續 由李先生控制。 (2) 根據特別授權認購新股份 於二零二四年十月十三日，本公司與各認購人訂立認購協議，據此， 洪橋資本及徐先生各自均已有條件同意認購及本公司已有條件同意按 每股股份0.08港元之認購價分別配發及發行4,500,000,000股股份及 200,000,000股股份。認購股份的總面值為4,700,000港元。 認",,
GO_00211_16/12/22,"Kenvonia Family Limited (張浩宏, 張洛芝, 張浩然)",5.7,,根據一般授權配售之可換股債券到期,PGO_00211_10/08/2023 17:55,193.0,全購事件20260831.csv,00211,STYLAND HOLD,2023-08-10,配售,,,,,,,,,,,,,,,https://www1.hkexnews.hk/listedco/listconews/sehk/2023/0810/2023081000843_c.pdf,,,NO_PLACEE_DEF
GO_00211_16/12/22,"Kenvonia Family Limited (張浩宏, 張洛芝, 張浩然)",18.8,,認股權證所附帶之認購權屆滿,PGO_00211_12/09/2024 16:34,193.0,全購事件20260831.csv,00211,STYLAND HOLD,2024-09-12,認購,,,,,,,,,,,,,,,https://www1.hkexnews.hk/listedco/listconews/sehk/2024/0912/2024091200354_c.pdf,,,NO_PLACEE_DEF
GO_00211_16/12/22,"Kenvonia Family Limited (張浩宏, 張洛芝, 張浩然)",18.7,,認股權證所附帶之認購權屆滿,PGO_00211_09/09/2024 19:54,193.0,全購事件20260831.csv,00211,STYLAND HOLD,2024-09-09,認購,,,,,,,,,,,,,,,https://www1.hkexnews.hk/listedco/listconews/sehk/2024/0909/2024090901052_c.pdf,,,NO_PLACEE_DEF
GO_01899_07/12/22,"Great Trade (劉錦蘭), In-Plus (劉祥), Power Aim (張宇曉), Wise Creative (杭友明), Widen Success (劉濤)",11.0,,完成根據一般授權認購新股份,PGO_01899_08/02/2024 22:16,195.0,全購事件20260831.csv,01899,興達國際,2024-02-08,認購,,,,,,,,,,,,,,2024-01-31,https://www1.hkexnews.hk/listedco/listconews/sehk/2024/0208/2024020801039_c.pdf,,,NO_PLACEE_DEF
GO_01899_07/12/22,"Great Trade (劉錦蘭), In-Plus (劉祥), Power Aim (張宇曉), Wise Creative (杭友明), Widen Success (劉濤)",10.9,,有關根據一般授權認購新股份之補充公告,PGO_01899_06/02/2024 21:19,195.0,全購事件20260831.csv,01899,興達國際,2024-02-06,認購,,,,,,,,,,,,,,,https://www1.hkexnews.hk/listedco/listconews/sehk/2024/0206/2024020601733_c.pdf,,,NO_PLACEE_DEF
GO_01899_07/12/22,"Great Trade (劉錦蘭), In-Plus (劉祥), Power Aim (張宇曉), Wise Creative (杭友明), Widen Success (劉濤)",10.7,0.0,根據一般授權認購新股份,PGO_01899_31/01/2024 06:06,195.0,全購事件20260831.csv,01899,興達國際,2024-01-31,認購,,認購人A,金宇輪胎（香港）有限公司,公司,,,,,,,,,中國香港特別行政區指 獨立於本公司及其關連人士且與彼等概無關連之第三方，且並無與本公司任何關連人士或彼等各自之任何聯繫人（定義見上市規則）一致行動（定義見收購守則）指 聯交所上市委員會指 聯交所證券上市規則指 金宇輪胎（香港）有限公司- 10 -,,https://www1.hkexnews.hk/listedco/listconews/sehk/2024/0131/2024013100012_c.pdf,"要從事投資控股的公司。認購人之詳情載列如下： 認購人姓名╱名稱 認購人背景 認購股份數目 金宇輪胎（香港）有限公司 金宇輪胎（香港）有限公司，一間於香港註 133,000,000 HAOHUA TIRE CO., 冊成立的有限公司，主要從事投資控股，",,
GO_01899_07/12/22,"Great Trade (劉錦蘭), In-Plus (劉祥), Power Aim (張宇曉), Wise Creative (杭友明), Widen Success (劉濤)",10.7,0.0,根據一般授權認購新股份,PGO_01899_31/01/2024 06:06,195.0,全購事件20260831.csv,01899,興達國際,2024-01-31,認購,,認購人B,"HAOHUA TIRE CO., LIMITED",公司,,,,,,,,,,,https://www1.hkexnews.hk/listedco/listconews/sehk/2024/0131/2024013100012_c.pdf,"於本公告日期，金宇輪胎（香港）有限公司 及其最終實益擁有人均為獨立第三方。 HAOHUA TIRE CO., LIMITED，一間於香 39,900,000 港註冊成立的有限公司，由中國公民及女 實業家李會香女士全資擁有。HAOHUA",,
GO_01899_07/12/22,"Great Trade (劉錦蘭), In-Plus (劉祥), Power Aim (張宇曉), Wise Creative (杭友明), Widen Success (劉濤)",10.7,0.0,根據一般授權認購新股份,PGO_01899_31/01/2024 06:06,195.0,全購事件20260831.csv,01899,興達國際,2024-01-31,認購,,認購人,長征香港控股有限公司,公司,,,,,,,,,,,https://www1.hkexnews.hk/listedco/listconews/sehk/2024/0131/2024013100012_c.pdf,"-6- 認購人姓名╱名稱 認購人背景 認購股份數目 長征香港控股有限公司 長征香港控股有限公司，一間於香港註冊 84,780,000 成立的有限公司，主要從事投資控股，由",,
GO_01783_30/11/22,晋業國際投資有限公司 (郭晋昇),6.6,,完成根據一般授權 認購新股份,PGO_01783_01/08/2023 21:35,196.0,全購事件20260831.csv,01783,晉景新能,2023-08-01,認購,,,,,,,,,,,,,,2023-08-01,https://www1.hkexnews.hk/listedco/listconews/sehk/2023/0801/2023080103569_c.pdf,,,NO_PLACEE_DEF
GO_01783_30/11/22,晋業國際投資有限公司 (郭晋昇),6.2,0.0,根據一般授權認購新股份,PGO_01783_20/07/2023 21:26,196.0,全購事件20260831.csv,01783,晉景新能,2023-07-20,認購,,認購人,Gold Charm Group,公司,,,,,,,,,,,https://www1.hkexnews.hk/listedco/listconews/sehk/2023/0720/2023072001144_c.pdf,"購股份數目 各認購人已分別及有條件同意按以下方式認購認購股份： 認購人 認購股份數目 1.鄭燦榛 45,000,000 2. 林文婷 1,000,000 3. Gold Charm Group Limited 10,890,000 4. Great Win Global Limited 45,000,000 5. Joyful Rainbow Limited 45,000,000 認購人將",,
GO_01783_30/11/22,晋業國際投資有限公司 (郭晋昇),4.1,,完成有關債務資本化（涉及根據特別授權發行新股份）之 關連交易,PGO_01783_15/05/2023 18:19,196.0,全購事件20260831.csv,01783,晉景新能,2023-05-15,完成有關債務資本化（涉及根據特別授權發行,,,,,,,,,,,,,,2023-05-15,https://www1.hkexnews.hk/listedco/listconews/sehk/2023/0515/2023051500757_c.pdf,,MED,NO_NAMED_PLACEE
GO_01783_30/11/22,晋業國際投資有限公司 (郭晋昇),3.0,,完成根據一般授權認購新股份,PGO_01783_11/04/2023 19:52,196.0,全購事件20260831.csv,01783,晉景新能,2023-04-11,認購,,,,,,,,,,,,,,2023-04-11,https://www1.hkexnews.hk/listedco/listconews/sehk/2023/0411/2023041101620_c.pdf,,,NO_PLACEE_DEF
GO_01783_30/11/22,晋業國際投資有限公司 (郭晋昇),2.3,,有關根據一般授權認購新股份 之補充公告,PGO_01783_23/03/2023 20:28,196.0,全購事件20260831.csv,01783,晉景新能,2023-03-23,認購,,,,,,,,,,,,,,,https://www1.hkexnews.hk/listedco/listconews/sehk/2023/0323/2023032300975_c.pdf,,,NO_PLACEE_DEF
GO_01783_30/11/22,晋業國際投資有限公司 (郭晋昇),2.3,,(1) 有關債務資本化（涉及根據特別授權發行新股份）之 關連交易 及 (2) 根據一般授權認購新股份,PGO_01783_21/03/2023 20:12,196.0,全購事件20260831.csv,01783,晉景新能,2023-03-21,認購,,認購人,,,,,,,,,,,,,https://www1.hkexnews.hk/listedco/listconews/sehk/2023/0321/2023032101068_c.pdf,,MED,NO_NAMED_PLACEE
GO_08496_04/11/22,中國友飲科技有限公司 (張陽),9.4,,有關根據一般授權認購新股份的補充公告,PGO_08496_27/09/2023 20:53,197.0,全購事件20260831.csv,08496,環球友飲智能,2023-09-27,認購,,,,,,,,,,,,,,,https://www1.hkexnews.hk/listedco/listconews/gem/2023/0927/2023092701670_c.pdf,,,NO_PLACEE_DEF
GO_08496_04/11/22,中國友飲科技有限公司 (張陽),9.2,0.0,根據一般授權認購新股份,PGO_08496_22/09/2023 22:05,197.0,全購事件20260831.csv,08496,環球友飲智能,2023-09-22,認購,,認購人,執行董事張陽先生,個人,,,,,,,,,,,https://www1.hkexnews.hk/listedco/listconews/gem/2023/0922/2023092201577_c.pdf,,,
GO_08496_04/11/22,中國友飲科技有限公司 (張陽),15.6,,完成根據一般授權認購新股份,PGO_08496_05/04/2024 19:31,197.0,全購事件20260831.csv,08496,環球友飲智能,2024-04-05,認購,,,,,,,,,,,,,,,https://www1.hkexnews.hk/listedco/listconews/gem/2024/0405/2024040501412_c.pdf,,,NO_PLACEE_DEF
GO_08496_04/11/22,中國友飲科技有限公司 (張陽),15.3,,有關根據一般授權認購新股份之補充協議,PGO_08496_25/03/2024 22:27,197.0,全購事件20260831.csv,08496,環球友飲智能,2024-03-25,認購,,,,,,,,,,,,,,,https://www1.hkexnews.hk/listedco/listconews/gem/2024/0325/2024032501584_c.pdf,,,NO_PLACEE_DEF
GO_08496_04/11/22,中國友飲科技有限公司 (張陽),14.4,,延長根據一般授權認購新股份之最後截止日期,PGO_08496_28/02/2024 19:07,197.0,全購事件20260831.csv,08496,環球友飲智能,2024-02-28,認購,,,,,,,,,,,,,,,https://www1.hkexnews.hk/listedco/listconews/gem/2024/0228/2024022800816_c.pdf,,,NO_PLACEE_DEF
GO_08496_04/11/22,中國友飲科技有限公司 (張陽),12.8,,延長根據一般授權認購新股份之最後截止日期,PGO_08496_11/01/2024 21:03,197.0,全購事件20260831.csv,08496,環球友飲智能,2024-01-11,認購,,,,,,,,,,,,,,,https://www1.hkexnews.hk/listedco/listconews/gem/2024/0111/2024011101019_c.pdf,,,NO_PLACEE_DEF
GO_00643_02/10/22,MARS Worldwide Holdings Limited (馬小秋),1.8,,完成根據一般授權認購新股份,PGO_00643_02/03/2023 18:42,199.0,全購事件20260831.csv,00643,恆富控股,2023-03-02,認購,,,,,,,,,,,,,,2023-03-02,https://www1.hkexnews.hk/listedco/listconews/sehk/2023/0302/2023030201657_c.pdf,,,NO_PLACEE_DEF
GO_00643_02/10/22,MARS Worldwide Holdings Limited (馬小秋),1.1,0.0,根據一般授權認購新股份,PGO_00643_10/02/2023 19:57,199.0,全購事件20260831.csv,00643,恆富控股,2023-02-10,認購,,認購方A,張歡歡女士,個人,,,,,,,,,,,https://www1.hkexnews.hk/listedco/listconews/sehk/2023/0210/2023021000923_c.pdf,元之普通股； 指 股份持有人； 指 香港聯合交易所有限公司； 11 「認購方A 」 指 張歡歡女士，一名身為中國居民之人士； 「認購方B 」 指 黃麗青女士，一名身為中國居民之人士； 「該等認購方」 指 認購方A及認購方B； 「認購事項」 指 根 據 該 等 認 購 協 議 之,,
GO_00643_02/10/22,MARS Worldwide Holdings Limited (馬小秋),1.1,0.0,根據一般授權認購新股份,PGO_00643_10/02/2023 19:57,199.0,全購事件20260831.csv,00643,恆富控股,2023-02-10,認購,,認購方B,黃麗青女士,個人,,,,,,,,,,,https://www1.hkexnews.hk/listedco/listconews/sehk/2023/0210/2023021000923_c.pdf,指 香港聯合交易所有限公司； 11 「認購方A 」 指 張歡歡女士，一名身為中國居民之人士； 「認購方B 」 指 黃麗青女士，一名身為中國居民之人士； 「該等認購方」 指 認購方A及認購方B； 「認購事項」 指 根 據 該 等 認 購 協 議 之 條 款 及 在 其 條 件 規 限 下，由 該 等,,
GO_08106_25/07/25,"芯雲智聯, 芯化和雲 (香港)",5.5,,完成根據一般授權認購新H股,PGO_08106_11/03/2026 16:35,78,全購事件20260831.csv,08106,芯化蘭德,2026-03-11,認購,,,,,,,,,,,,,,2026-03-11,https://www1.hkexnews.hk/listedco/listconews/gem/2026/0311/2026031100349_c.pdf,,,NO_PLACEE_DEF
GO_08106_25/07/25,"芯雲智聯, 芯化和雲 (香港)",5.0,,有關根據一般授權認購新H股之補充公告,PGO_08106_25/02/2026 18:30,78,全購事件20260831.csv,08106,芯化蘭德,2026-02-25,認購,,,,,,,,,,,,,,,https://www1.hkexnews.hk/listedco/listconews/gem/2026/0225/2026022500653_c.pdf,,,NO_PLACEE_DEF
GO_08106_25/07/25,"芯雲智聯, 芯化和雲 (香港)",4.6,,(i)有關根據一般授權認購新H股之補充公告；及 (ii)復牌,PGO_08106_12/02/2026 16:49,78,全購事件20260831.csv,08106,芯化蘭德,2026-02-12,認購,,,,,,,,,,,,,,,https://www1.hkexnews.hk/listedco/listconews/gem/2026/0212/2026021200513_c.pdf,,,NO_PLACEE_DEF
GO_08106_25/07/25,"芯雲智聯, 芯化和雲 (香港)",4.5,0,根據一般授權認購新H股,PGO_08106_11/02/2026 22:34,78,全購事件20260831.csv,08106,芯化蘭德,2026-02-11,認購,,認購人一(一),WOO POH SUN先生,個人,,,,,,,,,,,https://www1.hkexnews.hk/listedco/listconews/gem/2026/0211/2026021101163_c.pdf,務供應鏈服務業 務，並正物色其他合適的業務機會）。 經董事作出一切合理查詢後所深知、盡悉及確信，下列為有關認購人的進一步資 料： 認購人 認購人背景 認購人一 WOO POH SUN先生，馬來西亞公民，屬個人，擁有豐富的香港 資本市場投資經驗。 認購人二 粵港澳民營投資有限公司，(i)為一家於香港註冊成立的有限公 司，主要於香港及澳門從事資本市場投資業務；及(ii)由李春青 先生最終,,
GO_08106_25/07/25,"芯雲智聯, 芯化和雲 (香港)",4.5,0,根據一般授權認購新H股,PGO_08106_11/02/2026 22:34,78,全購事件20260831.csv,08106,芯化蘭德,2026-02-11,認購,,認購人二(二),粵港澳民營投資有限公司,公司,李春青先生,,,,,,,,,,https://www1.hkexnews.hk/listedco/listconews/gem/2026/0211/2026021101163_c.pdf,下列為有關認購人的進一步資 料： 認購人 認購人背景 認購人一 WOO POH SUN先生，馬來西亞公民，屬個人，擁有豐富的香港 資本市場投資經驗。 認購人二 粵港澳民營投資有限公司，(i)為一家於香港註冊成立的有限公 司，主要於香港及澳門從事資本市場投資業務；及(ii)由李春青 先生最終擁有。 認購人三 WU LAN女士，瑞典公民，屬個人，擁有豐富的香港資本市場投 資經驗。 認,,
GO_08106_25/07/25,"芯雲智聯, 芯化和雲 (香港)",4.5,0,根據一般授權認購新H股,PGO_08106_11/02/2026 22:34,78,全購事件20260831.csv,08106,芯化蘭德,2026-02-11,認購,,認購人三(三),WU LAN女士,個人,,,,,,,,,,,https://www1.hkexnews.hk/listedco/listconews/gem/2026/0211/2026021101163_c.pdf,認購人二 粵港澳民營投資有限公司，(i)為一家於香港註冊成立的有限公 司，主要於香港及澳門從事資本市場投資業務；及(ii)由李春青 先生最終擁有。 認購人三 WU LAN女士，瑞典公民，屬個人，擁有豐富的香港資本市場投 資經驗。 認購人四 黃國良先生，新加坡公民，屬個人，擁有豐富的香港資本市場投 資經驗。 認購人五 劉朝暉先生，香港永久居民，屬個人，擁有豐富的香港資本市場,,
GO_08106_25/07/25,"芯雲智聯, 芯化和雲 (香港)",4.5,0,根據一般授權認購新H股,PGO_08106_11/02/2026 22:34,78,全購事件20260831.csv,08106,芯化蘭德,2026-02-11,認購,,認購人四(四),黃國良先生,個人,,,,,,,,,,,https://www1.hkexnews.hk/listedco/listconews/gem/2026/0211/2026021101163_c.pdf,香港及澳門從事資本市場投資業務；及(ii)由李春青 先生最終擁有。 認購人三 WU LAN女士，瑞典公民，屬個人，擁有豐富的香港資本市場投 資經驗。 認購人四 黃國良先生，新加坡公民，屬個人，擁有豐富的香港資本市場投 資經驗。 認購人五 劉朝暉先生，香港永久居民，屬個人，擁有豐富的香港資本市場 投資經驗。 認購人六 范惠深先生，香港永久居民，屬個人，擁有豐富的香港資本,,
GO_08106_25/07/25,"芯雲智聯, 芯化和雲 (香港)",4.5,0,根據一般授權認購新H股,PGO_08106_11/02/2026 22:34,78,全購事件20260831.csv,08106,芯化蘭德,2026-02-11,認購,,認購人五(五),劉朝暉先生,個人,,,,,,,,,,,https://www1.hkexnews.hk/listedco/listconews/gem/2026/0211/2026021101163_c.pdf,WU LAN女士，瑞典公民，屬個人，擁有豐富的香港資本市場投 資經驗。 認購人四 黃國良先生，新加坡公民，屬個人，擁有豐富的香港資本市場投 資經驗。 認購人五 劉朝暉先生，香港永久居民，屬個人，擁有豐富的香港資本市場 投資經驗。 認購人六 范惠深先生，香港永久居民，屬個人，擁有豐富的香港資本市場 投資經驗。 – 9 – 由於認購事項之完成須待認購協議所載之先決條件達成,,
GO_08106_25/07/25,"芯雲智聯, 芯化和雲 (香港)",4.5,0,根據一般授權認購新H股,PGO_08106_11/02/2026 22:34,78,全購事件20260831.csv,08106,芯化蘭德,2026-02-11,認購,,認購人六(六),范惠深先生,個人,,,,,,,,,,,https://www1.hkexnews.hk/listedco/listconews/gem/2026/0211/2026021101163_c.pdf,黃國良先生，新加坡公民，屬個人，擁有豐富的香港資本市場投 資經驗。 認購人五 劉朝暉先生，香港永久居民，屬個人，擁有豐富的香港資本市場 投資經驗。 認購人六 范惠深先生，香港永久居民，屬個人，擁有豐富的香港資本市場 投資經驗。 – 9 – 由於認購事項之完成須待認購協議所載之先決條件達成後，方告完成，故認購事項 可能或未必會進行。本公司股東及潛在投資者於買賣股份時，,,
